Main distributer code,main distibuter  name,sub distributer code,sub distributer name,Seller Code,Seller Name,Seller OrderReason,Seller Type,Buyer Code,Buyer Name,Buyer Type,BASIC Model,QTY,VALUE
KERR032,BISMILLAH TRADE LINKS,KERD002496,ANSCARETELESERVICES,KERD002496,ANS CARE TELE SERVICES,DEMO,SMD,KERD002799,G Smart mobile,Dealer,A076BB,1,15384
KERR032,BISMILLAH TRADE LINKS,KERD002496,ANSCARETELESERVICES,KERD002496,ANS CARE TELE SERVICES,DEMO,SMD,KERD1446,MOBILE MAGIC UPPALA,Dealer,A076BB,1,15384
KERR032,BISMILLAH TRADE LINKS,KERD002496,ANSCARETELESERVICES,KERD002496,ANS CARE TELE SERVICES,Normal,SMD,KERD00024636,66 Mobiles,Dealer,A066BD,1,12018
KERR032,BISMILLAH TRADE LINKS,KERD002496,ANSCARETELESERVICES,KERD002496,ANS CARE TELE SERVICES,Normal,SMD,KERD00024636,66 Mobiles,Dealer,A076BB,1,15384
KERR032,BISMILLAH TRADE LINKS,KERD002496,ANSCARETELESERVICES,KERD002496,ANS CARE TELE SERVICES,Normal,SMD,KERD00024636,66 Mobiles,Dealer,A176NL,2,36536
KERR032,BISMILLAH TRADE LINKS,KERD002496,ANSCARETELESERVICES,KERD002496,ANS CARE TELE SERVICES,Normal,SMD,KERD00024636,66 Mobiles,Dealer,A366EK,2,70190
KERR032,BISMILLAH TRADE LINKS,KERD002496,ANSCARETELESERVICES,KERD002496,ANS CARE TELE SERVICES,Normal,SMD,KERD00024636,66 Mobiles,Dealer,E176BA,2,32998
KERR032,BISMILLAH TRADE LINKS,KERD002496,ANSCARETELESERVICES,KERD002496,ANS CARE TELE SERVICES,Normal,SMD,KERD00024697,I Max Mobiles Gadgets,Dealer,A076BB,1,15384
KERR032,BISMILLAH TRADE LINKS,KERD002496,ANSCARETELESERVICES,KERD002496,ANS CARE TELE SERVICES,Normal,SMD,KERD00024697,I Max Mobiles Gadgets,Dealer,A176NL,1,18268
KERR032,BISMILLAH TRADE LINKS,KERD002496,ANSCARETELESERVICES,KERD002496,ANS CARE TELE SERVICES,Normal,SMD,KERD00024697,I Max Mobiles Gadgets,Dealer,A176NN,1,22595
KERR032,BISMILLAH TRADE LINKS,KERD002496,ANSCARETELESERVICES,KERD002496,ANS CARE TELE SERVICES,Normal,SMD,KERD00024697,I Max Mobiles Gadgets,Dealer,A366EK,1,35095
KERR032,BISMILLAH TRADE LINKS,KERD002496,ANSCARETELESERVICES,KERD002496,ANS CARE TELE SERVICES,Normal,SMD,KERD00024697,I Max Mobiles Gadgets,Dealer,E176BA,1,16499
KERR032,BISMILLAH TRADE LINKS,KERD002496,ANSCARETELESERVICES,KERD002496,ANS CARE TELE SERVICES,Normal,SMD,KERD00024697,I Max Mobiles Gadgets,Dealer,X135GA,1,18999
KERR032,BISMILLAH TRADE LINKS,KERD002496,ANSCARETELESERVICES,KERD002496,ANS CARE TELE SERVICES,Normal,SMD,KERD001614,GM NEERCHAL,Dealer,A066BD,1,12018
KERR032,BISMILLAH TRADE LINKS,KERD002496,ANSCARETELESERVICES,KERD002496,ANS CARE TELE SERVICES,Normal,SMD,KERD001614,GM NEERCHAL,Dealer,A066BG,1,13461
KERR032,BISMILLAH TRADE LINKS,KERD002496,ANSCARETELESERVICES,KERD002496,ANS CARE TELE SERVICES,Normal,SMD,KERD001614,GM NEERCHAL,Dealer,A075FD,1,9749
KERR032,BISMILLAH TRADE LINKS,KERD002496,ANSCARETELESERVICES,KERD002496,ANS CARE TELE SERVICES,Normal,SMD,KERD001614,GM NEERCHAL,Dealer,E176BB,2,35998
KERR032,BISMILLAH TRADE LINKS,KERD002496,ANSCARETELESERVICES,KERD002496,ANS CARE TELE SERVICES,Normal,SMD,KERD001614,GM NEERCHAL,Dealer,E176BD,1,19999
KERR032,BISMILLAH TRADE LINKS,KERD002496,ANSCARETELESERVICES,KERD002496,ANS CARE TELE SERVICES,Normal,SMD,KERD001616,CITY CELL UPPALA,Dealer,A166PH,1,18446
KERR032,BISMILLAH TRADE LINKS,KERD002496,ANSCARETELESERVICES,KERD002496,ANS CARE TELE SERVICES,Normal,SMD,KERD001616,CITY CELL UPPALA,Dealer,A176NL,1,18268
KERR032,BISMILLAH TRADE LINKS,KERD002496,ANSCARETELESERVICES,KERD002496,ANS CARE TELE SERVICES,Normal,SMD,KERD001616,CITY CELL UPPALA,Dealer,A176NM,1,19711
KERR032,BISMILLAH TRADE LINKS,KERD002496,ANSCARETELESERVICES,KERD002496,ANS CARE TELE SERVICES,Normal,SMD,KERD001616,CITY CELL UPPALA,Dealer,A176NN,1,22595
KERR032,BISMILLAH TRADE LINKS,KERD002496,ANSCARETELESERVICES,KERD002496,ANS CARE TELE SERVICES,Normal,SMD,KERD001616,CITY CELL UPPALA,Dealer,E176BA,2,32998
KERR032,BISMILLAH TRADE LINKS,KERD002496,ANSCARETELESERVICES,KERD002496,ANS CARE TELE SERVICES,Normal,SMD,KERD001616,CITY CELL UPPALA,Dealer,E176BD,2,39998
KERR032,BISMILLAH TRADE LINKS,KERD002496,ANSCARETELESERVICES,KERD002496,ANS CARE TELE SERVICES,Normal,SMD,KERD001617,MOBILE CAMPUS,Dealer,A066BD,1,12018
KERR032,BISMILLAH TRADE LINKS,KERD002496,ANSCARETELESERVICES,KERD002496,ANS CARE TELE SERVICES,Normal,SMD,KERD001617,MOBILE CAMPUS,Dealer,A066BG,2,26922
KERR032,BISMILLAH TRADE LINKS,KERD002496,ANSCARETELESERVICES,KERD002496,ANS CARE TELE SERVICES,Normal,SMD,KERD001617,MOBILE CAMPUS,Dealer,A075FD,1,9749
KERR032,BISMILLAH TRADE LINKS,KERD002496,ANSCARETELESERVICES,KERD002496,ANS CARE TELE SERVICES,Normal,SMD,KERD001617,MOBILE CAMPUS,Dealer,A176NM,1,19711
KERR032,BISMILLAH TRADE LINKS,KERD002496,ANSCARETELESERVICES,KERD002496,ANS CARE TELE SERVICES,Normal,SMD,KERD001617,MOBILE CAMPUS,Dealer,E176BA,3,49497
KERR032,BISMILLAH TRADE LINKS,KERD002496,ANSCARETELESERVICES,KERD002496,ANS CARE TELE SERVICES,Normal,SMD,KERD001617,MOBILE CAMPUS,Dealer,E176BB,3,53997
KERR032,BISMILLAH TRADE LINKS,KERD002496,ANSCARETELESERVICES,KERD002496,ANS CARE TELE SERVICES,Normal,SMD,KERD001670,MOBILE HUT,Dealer,A066BD,2,24036
KERR032,BISMILLAH TRADE LINKS,KERD002496,ANSCARETELESERVICES,KERD002496,ANS CARE TELE SERVICES,Normal,SMD,KERD001670,MOBILE HUT,Dealer,A066BG,1,13461
KERR032,BISMILLAH TRADE LINKS,KERD002496,ANSCARETELESERVICES,KERD002496,ANS CARE TELE SERVICES,Normal,SMD,KERD001670,MOBILE HUT,Dealer,E176BB,1,17999
KERR032,BISMILLAH TRADE LINKS,KERD002496,ANSCARETELESERVICES,KERD002496,ANS CARE TELE SERVICES,Normal,SMD,KERD002799,G Smart mobile,Dealer,A066BD,3,36054
KERR032,BISMILLAH TRADE LINKS,KERD002496,ANSCARETELESERVICES,KERD002496,ANS CARE TELE SERVICES,Normal,SMD,KERD002799,G Smart mobile,Dealer,A066BG,2,26922
KERR032,BISMILLAH TRADE LINKS,KERD002496,ANSCARETELESERVICES,KERD002496,ANS CARE TELE SERVICES,Normal,SMD,KERD002799,G Smart mobile,Dealer,A075FD,3,29247
KERR032,BISMILLAH TRADE LINKS,KERD002496,ANSCARETELESERVICES,KERD002496,ANS CARE TELE SERVICES,Normal,SMD,KERD002799,G Smart mobile,Dealer,A076BB,2,30768
KERR032,BISMILLAH TRADE LINKS,KERD002496,ANSCARETELESERVICES,KERD002496,ANS CARE TELE SERVICES,Normal,SMD,KERD002799,G Smart mobile,Dealer,A176NL,4,73072
KERR032,BISMILLAH TRADE LINKS,KERD002496,ANSCARETELESERVICES,KERD002496,ANS CARE TELE SERVICES,Normal,SMD,KERD002799,G Smart mobile,Dealer,A176NM,6,118266
KERR032,BISMILLAH TRADE LINKS,KERD002496,ANSCARETELESERVICES,KERD002496,ANS CARE TELE SERVICES,Normal,SMD,KERD002799,G Smart mobile,Dealer,A176NN,4,90380
KERR032,BISMILLAH TRADE LINKS,KERD002496,ANSCARETELESERVICES,KERD002496,ANS CARE TELE SERVICES,Normal,SMD,KERD002799,G Smart mobile,Dealer,A266BK,1,24271
KERR032,BISMILLAH TRADE LINKS,KERD002496,ANSCARETELESERVICES,KERD002496,ANS CARE TELE SERVICES,Normal,SMD,KERD002799,G Smart mobile,Dealer,A366EK,5,175475
KERR032,BISMILLAH TRADE LINKS,KERD002496,ANSCARETELESERVICES,KERD002496,ANS CARE TELE SERVICES,Normal,SMD,KERD002799,G Smart mobile,Dealer,E176BA,6,98994
KERR032,BISMILLAH TRADE LINKS,KERD002496,ANSCARETELESERVICES,KERD002496,ANS CARE TELE SERVICES,Normal,SMD,KERD002799,G Smart mobile,Dealer,E176BB,3,53997
KERR032,BISMILLAH TRADE LINKS,KERD002496,ANSCARETELESERVICES,KERD002496,ANS CARE TELE SERVICES,Normal,SMD,KERD002799,G Smart mobile,Dealer,E176BD,2,39998
KERR032,BISMILLAH TRADE LINKS,KERD002496,ANSCARETELESERVICES,KERD002496,ANS CARE TELE SERVICES,Normal,SMD,KERD002799,G Smart mobile,Dealer,X135GA,1,18999
KERR032,BISMILLAH TRADE LINKS,KERD002496,ANSCARETELESERVICES,KERD002496,ANS CARE TELE SERVICES,Normal,SMD,KERD002915,ROYAL GIFT,Dealer,A066BG,1,13461
KERR032,BISMILLAH TRADE LINKS,KERD002496,ANSCARETELESERVICES,KERD002496,ANS CARE TELE SERVICES,Normal,SMD,KERD002915,ROYAL GIFT,Dealer,A075FD,2,19498
KERR032,BISMILLAH TRADE LINKS,KERD002496,ANSCARETELESERVICES,KERD002496,ANS CARE TELE SERVICES,Normal,SMD,KERD002915,ROYAL GIFT,Dealer,A076BB,3,46152
KERR032,BISMILLAH TRADE LINKS,KERD002496,ANSCARETELESERVICES,KERD002496,ANS CARE TELE SERVICES,Normal,SMD,KERD002915,ROYAL GIFT,Dealer,A076BC,2,34614
KERR032,BISMILLAH TRADE LINKS,KERD002496,ANSCARETELESERVICES,KERD002496,ANS CARE TELE SERVICES,Normal,SMD,KERD002915,ROYAL GIFT,Dealer,A176BL,3,55338
KERR032,BISMILLAH TRADE LINKS,KERD002496,ANSCARETELESERVICES,KERD002496,ANS CARE TELE SERVICES,Normal,SMD,KERD002915,ROYAL GIFT,Dealer,A176BM,1,19902
KERR032,BISMILLAH TRADE LINKS,KERD002496,ANSCARETELESERVICES,KERD002496,ANS CARE TELE SERVICES,Normal,SMD,KERD002915,ROYAL GIFT,Dealer,A176BN,1,22815
KERR032,BISMILLAH TRADE LINKS,KERD002496,ANSCARETELESERVICES,KERD002496,ANS CARE TELE SERVICES,Normal,SMD,KERD002915,ROYAL GIFT,Dealer,A176NL,3,54804
KERR032,BISMILLAH TRADE LINKS,KERD002496,ANSCARETELESERVICES,KERD002496,ANS CARE TELE SERVICES,Normal,SMD,KERD002915,ROYAL GIFT,Dealer,A176NM,2,39422
KERR032,BISMILLAH TRADE LINKS,KERD002496,ANSCARETELESERVICES,KERD002496,ANS CARE TELE SERVICES,Normal,SMD,KERD002915,ROYAL GIFT,Dealer,A176NN,2,45190
KERR032,BISMILLAH TRADE LINKS,KERD002496,ANSCARETELESERVICES,KERD002496,ANS CARE TELE SERVICES,Normal,SMD,KERD002915,ROYAL GIFT,Dealer,A266BK,2,48542
KERR032,BISMILLAH TRADE LINKS,KERD002496,ANSCARETELESERVICES,KERD002496,ANS CARE TELE SERVICES,Normal,SMD,KERD002915,ROYAL GIFT,Dealer,A366EK,1,35095
KERR032,BISMILLAH TRADE LINKS,KERD002496,ANSCARETELESERVICES,KERD002496,ANS CARE TELE SERVICES,Normal,SMD,KERD002915,ROYAL GIFT,Dealer,A546ED,1,39805
KERR032,BISMILLAH TRADE LINKS,KERD002496,ANSCARETELESERVICES,KERD002496,ANS CARE TELE SERVICES,Normal,SMD,KERD002915,ROYAL GIFT,Dealer,E176BA,1,16499
KERR032,BISMILLAH TRADE LINKS,KERD002496,ANSCARETELESERVICES,KERD002496,ANS CARE TELE SERVICES,Normal,SMD,KERD002915,ROYAL GIFT,Dealer,E176BB,2,35998
KERR032,BISMILLAH TRADE LINKS,KERD002496,ANSCARETELESERVICES,KERD002496,ANS CARE TELE SERVICES,Normal,SMD,KERD002915,ROYAL GIFT,Dealer,E176BD,2,39998
KERR032,BISMILLAH TRADE LINKS,KERD002496,ANSCARETELESERVICES,KERD002496,ANS CARE TELE SERVICES,Normal,SMD,KERD002915,ROYAL GIFT,Dealer,E566BA,1,27999
KERR032,BISMILLAH TRADE LINKS,KERD002496,ANSCARETELESERVICES,KERD002496,ANS CARE TELE SERVICES,Normal,SMD,KERD002915,ROYAL GIFT,Dealer,S931BC,1,79999
KERR032,BISMILLAH TRADE LINKS,KERD002496,ANSCARETELESERVICES,KERD002496,ANS CARE TELE SERVICES,Normal,SMD,KERD003336,MOBI TECH HOSANGADY,Dealer,A066BD,1,12018
KERR032,BISMILLAH TRADE LINKS,KERD002496,ANSCARETELESERVICES,KERD002496,ANS CARE TELE SERVICES,Normal,SMD,KERD003336,MOBI TECH HOSANGADY,Dealer,A066BG,4,53844
KERR032,BISMILLAH TRADE LINKS,KERD002496,ANSCARETELESERVICES,KERD002496,ANS CARE TELE SERVICES,Normal,SMD,KERD003336,MOBI TECH HOSANGADY,Dealer,A075FD,1,9749
KERR032,BISMILLAH TRADE LINKS,KERD002496,ANSCARETELESERVICES,KERD002496,ANS CARE TELE SERVICES,Normal,SMD,KERD003336,MOBI TECH HOSANGADY,Dealer,A076BB,3,46152
KERR032,BISMILLAH TRADE LINKS,KERD002496,ANSCARETELESERVICES,KERD002496,ANS CARE TELE SERVICES,Normal,SMD,KERD003336,MOBI TECH HOSANGADY,Dealer,A076BC,2,34614
KERR032,BISMILLAH TRADE LINKS,KERD002496,ANSCARETELESERVICES,KERD002496,ANS CARE TELE SERVICES,Normal,SMD,KERD003336,MOBI TECH HOSANGADY,Dealer,A176NL,8,146144
KERR032,BISMILLAH TRADE LINKS,KERD002496,ANSCARETELESERVICES,KERD002496,ANS CARE TELE SERVICES,Normal,SMD,KERD003336,MOBI TECH HOSANGADY,Dealer,A176NM,3,59133
KERR032,BISMILLAH TRADE LINKS,KERD002496,ANSCARETELESERVICES,KERD002496,ANS CARE TELE SERVICES,Normal,SMD,KERD003336,MOBI TECH HOSANGADY,Dealer,A176NN,1,22595
KERR032,BISMILLAH TRADE LINKS,KERD002496,ANSCARETELESERVICES,KERD002496,ANS CARE TELE SERVICES,Normal,SMD,KERD003336,MOBI TECH HOSANGADY,Dealer,A266BK,1,24271
KERR032,BISMILLAH TRADE LINKS,KERD002496,ANSCARETELESERVICES,KERD002496,ANS CARE TELE SERVICES,Normal,SMD,KERD003336,MOBI TECH HOSANGADY,Dealer,A366EK,2,70190
KERR032,BISMILLAH TRADE LINKS,KERD002496,ANSCARETELESERVICES,KERD002496,ANS CARE TELE SERVICES,Normal,SMD,KERD003336,MOBI TECH HOSANGADY,Dealer,E176BA,1,16499
KERR032,BISMILLAH TRADE LINKS,KERD002496,ANSCARETELESERVICES,KERD002496,ANS CARE TELE SERVICES,Normal,SMD,KERD003368,ECHO MOBILES MAJEERPALLA,Dealer,A066BD,2,24036
KERR032,BISMILLAH TRADE LINKS,KERD002496,ANSCARETELESERVICES,KERD002496,ANS CARE TELE SERVICES,Normal,SMD,KERD003368,ECHO MOBILES MAJEERPALLA,Dealer,A176NN,1,22595
KERR032,BISMILLAH TRADE LINKS,KERD002496,ANSCARETELESERVICES,KERD002496,ANS CARE TELE SERVICES,Normal,SMD,KERD003368,ECHO MOBILES MAJEERPALLA,Dealer,A266BK,1,24271
KERR032,BISMILLAH TRADE LINKS,KERD002496,ANSCARETELESERVICES,KERD002496,ANS CARE TELE SERVICES,Normal,SMD,KERD003368,ECHO MOBILES MAJEERPALLA,Dealer,E176BA,1,16499
KERR032,BISMILLAH TRADE LINKS,KERD002496,ANSCARETELESERVICES,KERD002496,ANS CARE TELE SERVICES,Normal,SMD,KERD003368,ECHO MOBILES MAJEERPALLA,Dealer,E176BB,2,35998
KERR032,BISMILLAH TRADE LINKS,KERD002496,ANSCARETELESERVICES,KERD002496,ANS CARE TELE SERVICES,Normal,SMD,KERD003368,ECHO MOBILES MAJEERPALLA,Dealer,E176BD,1,19999
KERR032,BISMILLAH TRADE LINKS,KERD002496,ANSCARETELESERVICES,KERD002496,ANS CARE TELE SERVICES,Normal,SMD,KERD004877,OMAN MOBILE UPPALA,Dealer,A075FD,1,9749
KERR032,BISMILLAH TRADE LINKS,KERD002496,ANSCARETELESERVICES,KERD002496,ANS CARE TELE SERVICES,Normal,SMD,KERD004877,OMAN MOBILE UPPALA,Dealer,A176NL,1,18268
KERR032,BISMILLAH TRADE LINKS,KERD002496,ANSCARETELESERVICES,KERD002496,ANS CARE TELE SERVICES,Normal,SMD,KERD004877,OMAN MOBILE UPPALA,Dealer,A566EG,1,43268
KERR032,BISMILLAH TRADE LINKS,KERD002496,ANSCARETELESERVICES,KERD002496,ANS CARE TELE SERVICES,Normal,SMD,KERD009356,I PHIX MOBILE STORE,Dealer,A176NN,1,22595
KERR032,BISMILLAH TRADE LINKS,KERD002496,ANSCARETELESERVICES,KERD002496,ANS CARE TELE SERVICES,Normal,SMD,KERD009356,I PHIX MOBILE STORE,Dealer,A566EG,2,86536
KERR032,BISMILLAH TRADE LINKS,KERD002496,ANSCARETELESERVICES,KERD002496,ANS CARE TELE SERVICES,Normal,SMD,KERD009356,I PHIX MOBILE STORE,Dealer,E176BA,2,32998
KERR032,BISMILLAH TRADE LINKS,KERD002496,ANSCARETELESERVICES,KERD002496,ANS CARE TELE SERVICES,Normal,SMD,KERD009356,I PHIX MOBILE STORE,Dealer,E176BB,1,17999
KERR032,BISMILLAH TRADE LINKS,KERD002496,ANSCARETELESERVICES,KERD002496,ANS CARE TELE SERVICES,Normal,SMD,KERD009363,BEST MOBILES,Dealer,A066BG,1,13461
KERR032,BISMILLAH TRADE LINKS,KERD002496,ANSCARETELESERVICES,KERD002496,ANS CARE TELE SERVICES,Normal,SMD,KERD009363,BEST MOBILES,Dealer,A076BC,1,17307
KERR032,BISMILLAH TRADE LINKS,KERD002496,ANSCARETELESERVICES,KERD002496,ANS CARE TELE SERVICES,Normal,SMD,KERD009363,BEST MOBILES,Dealer,A176BL,2,36892
KERR032,BISMILLAH TRADE LINKS,KERD002496,ANSCARETELESERVICES,KERD002496,ANS CARE TELE SERVICES,Normal,SMD,KERD009363,BEST MOBILES,Dealer,A176BM,1,19902
KERR032,BISMILLAH TRADE LINKS,KERD002496,ANSCARETELESERVICES,KERD002496,ANS CARE TELE SERVICES,Normal,SMD,KERD009363,BEST MOBILES,Dealer,A176BN,1,22815
KERR032,BISMILLAH TRADE LINKS,KERD002496,ANSCARETELESERVICES,KERD002496,ANS CARE TELE SERVICES,Normal,SMD,KERD009363,BEST MOBILES,Dealer,A176NL,2,36536
KERR032,BISMILLAH TRADE LINKS,KERD002496,ANSCARETELESERVICES,KERD002496,ANS CARE TELE SERVICES,Normal,SMD,KERD009363,BEST MOBILES,Dealer,A176NN,1,22595
KERR032,BISMILLAH TRADE LINKS,KERD002496,ANSCARETELESERVICES,KERD002496,ANS CARE TELE SERVICES,Normal,SMD,KERD009363,BEST MOBILES,Dealer,A266BK,1,24271
KERR032,BISMILLAH TRADE LINKS,KERD002496,ANSCARETELESERVICES,KERD002496,ANS CARE TELE SERVICES,Normal,SMD,KERD009363,BEST MOBILES,Dealer,E176BA,1,16499
KERR032,BISMILLAH TRADE LINKS,KERD002496,ANSCARETELESERVICES,KERD002496,ANS CARE TELE SERVICES,Normal,SMD,KERD009363,BEST MOBILES,Dealer,E176BB,3,53997
KERR032,BISMILLAH TRADE LINKS,KERD002496,ANSCARETELESERVICES,KERD002496,ANS CARE TELE SERVICES,Normal,SMD,KERD009675,Mobile Point Badiadka,Dealer,A066BG,1,13461
KERR032,BISMILLAH TRADE LINKS,KERD002496,ANSCARETELESERVICES,KERD002496,ANS CARE TELE SERVICES,Normal,SMD,KERD009675,Mobile Point Badiadka,Dealer,E176BA,1,16499
KERR032,BISMILLAH TRADE LINKS,KERD002496,ANSCARETELESERVICES,KERD002496,ANS CARE TELE SERVICES,Normal,SMD,KERD010821,SWEEKAR COMMUNICATIONS,Dealer,A066BD,1,12018
KERR032,BISMILLAH TRADE LINKS,KERD002496,ANSCARETELESERVICES,KERD002496,ANS CARE TELE SERVICES,Normal,SMD,KERD010855,Your choice mobiles,Dealer,E176BB,1,17999
KERR032,BISMILLAH TRADE LINKS,KERD002496,ANSCARETELESERVICES,KERD002496,ANS CARE TELE SERVICES,Normal,SMD,KERD011849,BMA Communication,Dealer,A176BL,1,18446
KERR032,BISMILLAH TRADE LINKS,KERD002496,ANSCARETELESERVICES,KERD002496,ANS CARE TELE SERVICES,Normal,SMD,KERD1446,MOBILE MAGIC UPPALA,Dealer,A066BD,1,12018
KERR032,BISMILLAH TRADE LINKS,KERD002496,ANSCARETELESERVICES,KERD002496,ANS CARE TELE SERVICES,Normal,SMD,KERD1446,MOBILE MAGIC UPPALA,Dealer,A066BG,2,26922
KERR032,BISMILLAH TRADE LINKS,KERD002496,ANSCARETELESERVICES,KERD002496,ANS CARE TELE SERVICES,Normal,SMD,KERD1446,MOBILE MAGIC UPPALA,Dealer,A075FD,2,19498
KERR032,BISMILLAH TRADE LINKS,KERD002496,ANSCARETELESERVICES,KERD002496,ANS CARE TELE SERVICES,Normal,SMD,KERD1446,MOBILE MAGIC UPPALA,Dealer,A076BB,3,46152
KERR032,BISMILLAH TRADE LINKS,KERD002496,ANSCARETELESERVICES,KERD002496,ANS CARE TELE SERVICES,Normal,SMD,KERD1446,MOBILE MAGIC UPPALA,Dealer,A076BC,2,34614
KERR032,BISMILLAH TRADE LINKS,KERD002496,ANSCARETELESERVICES,KERD002496,ANS CARE TELE SERVICES,Normal,SMD,KERD1446,MOBILE MAGIC UPPALA,Dealer,A166PB,2,33978
KERR032,BISMILLAH TRADE LINKS,KERD002496,ANSCARETELESERVICES,KERD002496,ANS CARE TELE SERVICES,Normal,SMD,KERD1446,MOBILE MAGIC UPPALA,Dealer,A176BM,1,19902
KERR032,BISMILLAH TRADE LINKS,KERD002496,ANSCARETELESERVICES,KERD002496,ANS CARE TELE SERVICES,Normal,SMD,KERD1446,MOBILE MAGIC UPPALA,Dealer,A176NL,4,73072
KERR032,BISMILLAH TRADE LINKS,KERD002496,ANSCARETELESERVICES,KERD002496,ANS CARE TELE SERVICES,Normal,SMD,KERD1446,MOBILE MAGIC UPPALA,Dealer,A176NM,1,19711
KERR032,BISMILLAH TRADE LINKS,KERD002496,ANSCARETELESERVICES,KERD002496,ANS CARE TELE SERVICES,Normal,SMD,KERD1446,MOBILE MAGIC UPPALA,Dealer,A266BK,3,72813
KERR032,BISMILLAH TRADE LINKS,KERD002496,ANSCARETELESERVICES,KERD002496,ANS CARE TELE SERVICES,Normal,SMD,KERD1446,MOBILE MAGIC UPPALA,Dealer,A366EJ,3,93747
KERR032,BISMILLAH TRADE LINKS,KERD002496,ANSCARETELESERVICES,KERD002496,ANS CARE TELE SERVICES,Normal,SMD,KERD1446,MOBILE MAGIC UPPALA,Dealer,A366EK,2,70190
KERR032,BISMILLAH TRADE LINKS,KERD002496,ANSCARETELESERVICES,KERD002496,ANS CARE TELE SERVICES,Normal,SMD,KERD1446,MOBILE MAGIC UPPALA,Dealer,E145FD,2,17998
KERR032,BISMILLAH TRADE LINKS,KERD002496,ANSCARETELESERVICES,KERD002496,ANS CARE TELE SERVICES,Normal,SMD,KERD1446,MOBILE MAGIC UPPALA,Dealer,E176BA,7,115493
KERR032,BISMILLAH TRADE LINKS,KERD002496,ANSCARETELESERVICES,KERD002496,ANS CARE TELE SERVICES,Normal,SMD,KERD1446,MOBILE MAGIC UPPALA,Dealer,E176BB,1,17999
KERR032,BISMILLAH TRADE LINKS,KERD002496,ANSCARETELESERVICES,KERD002496,ANS CARE TELE SERVICES,Normal,SMD,KERD1446,MOBILE MAGIC UPPALA,Dealer,E176BD,1,19999
KERR032,BISMILLAH TRADE LINKS,KERD002496,ANSCARETELESERVICES,KERD002496,ANS CARE TELE SERVICES,Normal,SMD,KERD1446,MOBILE MAGIC UPPALA,Dealer,M145FD,1,8999
KERR032,BISMILLAH TRADE LINKS,KERD002496,ANSCARETELESERVICES,KERD002496,ANS CARE TELE SERVICES,Normal,SMD,KERD1446,MOBILE MAGIC UPPALA,Dealer,R410N,1,4999
KERR032,BISMILLAH TRADE LINKS,KERD002496,ANSCARETELESERVICES,KERD002496,ANS CARE TELE SERVICES,Normal,SMD,KERD1446,MOBILE MAGIC UPPALA,Dealer,S931BC,3,239997
KERR032,BISMILLAH TRADE LINKS,KERD002496,ANSCARETELESERVICES,KERD002496,ANS CARE TELE SERVICES,Normal,SMD,KERD4283,galaxy communication badiadka,Dealer,A066BD,1,12018
KERR032,BISMILLAH TRADE LINKS,KERD002496,ANSCARETELESERVICES,KERD002496,ANS CARE TELE SERVICES,Normal,SMD,KERD4283,galaxy communication badiadka,Dealer,A176BN,1,22815
KERR032,BISMILLAH TRADE LINKS,KERD002496,ANS CARE TELE SERVICES,KERD002496,ANS CARE TELE SERVICES,DEMO,SMD,KERD002799,G Smart mobile,Dealer,A376ED,1,40384
KERR032,BISMILLAH TRADE LINKS,KERD002496,ANS CARE TELE SERVICES,KERD002496,ANS CARE TELE SERVICES,DEMO,SMD,KERD002799,G Smart mobile,Dealer,A576BF,1,54807
KERR032,BISMILLAH TRADE LINKS,KERD002496,ANS CARE TELE SERVICES,KERD002496,ANS CARE TELE SERVICES,DEMO,SMD,KERD002799,G Smart mobile,Dealer,S948BB,1,138999
KERR032,BISMILLAH TRADE LINKS,KERD002496,ANS CARE TELE SERVICES,KERD002496,ANS CARE TELE SERVICES,DEMO,SMD,KERD002915,ROYAL GIFT,Dealer,A376ED,1,40384
KERR032,BISMILLAH TRADE LINKS,KERD002496,ANS CARE TELE SERVICES,KERD002496,ANS CARE TELE SERVICES,DEMO,SMD,KERD002915,ROYAL GIFT,Dealer,A576BF,1,54807
KERR032,BISMILLAH TRADE LINKS,KERD002496,ANS CARE TELE SERVICES,KERD002496,ANS CARE TELE SERVICES,DEMO,SMD,KERD002915,ROYAL GIFT,Dealer,S942BC,1,86999
KERR032,BISMILLAH TRADE LINKS,KERD002496,ANS CARE TELE SERVICES,KERD002496,ANS CARE TELE SERVICES,DEMO,SMD,KERD1446,MOBILE MAGIC UPPALA,Dealer,A376ED,1,40384
KERR032,BISMILLAH TRADE LINKS,KERD002496,ANS CARE TELE SERVICES,KERD002496,ANS CARE TELE SERVICES,DEMO,SMD,KERD1446,MOBILE MAGIC UPPALA,Dealer,A576BF,1,54807
KERR032,BISMILLAH TRADE LINKS,KERD002496,ANS CARE TELE SERVICES,KERD002496,ANS CARE TELE SERVICES,DEMO,SMD,KERD1446,MOBILE MAGIC UPPALA,Dealer,S942BC,1,86999
KERR032,BISMILLAH TRADE LINKS,KERD002496,ANS CARE TELE SERVICES,KERD002496,ANS CARE TELE SERVICES,DEMO,SMD,KERD1446,MOBILE MAGIC UPPALA,Dealer,S948BB,1,138999
KERR032,BISMILLAH TRADE LINKS,KERD002496,ANS CARE TELE SERVICES,KERD002496,ANS CARE TELE SERVICES,Normal,SMD,KERD00024636,66 Mobiles,Dealer,A066BD,1,12018
KERR032,BISMILLAH TRADE LINKS,KERD002496,ANS CARE TELE SERVICES,KERD002496,ANS CARE TELE SERVICES,Normal,SMD,KERD00024636,66 Mobiles,Dealer,A076BB,3,46152
KERR032,BISMILLAH TRADE LINKS,KERD002496,ANS CARE TELE SERVICES,KERD002496,ANS CARE TELE SERVICES,Normal,SMD,KERD00024636,66 Mobiles,Dealer,A076BC,3,51921
KERR032,BISMILLAH TRADE LINKS,KERD002496,ANS CARE TELE SERVICES,KERD002496,ANS CARE TELE SERVICES,Normal,SMD,KERD00024636,66 Mobiles,Dealer,A176NL,1,19711
KERR032,BISMILLAH TRADE LINKS,KERD002496,ANS CARE TELE SERVICES,KERD002496,ANS CARE TELE SERVICES,Normal,SMD,KERD00024636,66 Mobiles,Dealer,A366EK,2,70190
KERR032,BISMILLAH TRADE LINKS,KERD002496,ANS CARE TELE SERVICES,KERD002496,ANS CARE TELE SERVICES,Normal,SMD,KERD00024636,66 Mobiles,Dealer,E176BA,3,50997
KERR032,BISMILLAH TRADE LINKS,KERD002496,ANS CARE TELE SERVICES,KERD002496,ANS CARE TELE SERVICES,Normal,SMD,KERD00024636,66 Mobiles,Dealer,S948BB,1,138999
KERR032,BISMILLAH TRADE LINKS,KERD002496,ANS CARE TELE SERVICES,KERD002496,ANS CARE TELE SERVICES,Normal,SMD,KERD00024697,I Max Mobiles Gadgets,Dealer,A066BD,1,12018
KERR032,BISMILLAH TRADE LINKS,KERD002496,ANS CARE TELE SERVICES,KERD002496,ANS CARE TELE SERVICES,Normal,SMD,KERD00024697,I Max Mobiles Gadgets,Dealer,A176NL,2,39422
KERR032,BISMILLAH TRADE LINKS,KERD002496,ANS CARE TELE SERVICES,KERD002496,ANS CARE TELE SERVICES,Normal,SMD,KERD00024697,I Max Mobiles Gadgets,Dealer,A176NN,2,50960
KERR032,BISMILLAH TRADE LINKS,KERD002496,ANS CARE TELE SERVICES,KERD002496,ANS CARE TELE SERVICES,Normal,SMD,KERD00024697,I Max Mobiles Gadgets,Dealer,A566EG,1,43268
KERR032,BISMILLAH TRADE LINKS,KERD002496,ANS CARE TELE SERVICES,KERD002496,ANS CARE TELE SERVICES,Normal,SMD,KERD00024697,I Max Mobiles Gadgets,Dealer,E176BA,1,16999
KERR032,BISMILLAH TRADE LINKS,KERD002496,ANS CARE TELE SERVICES,KERD002496,ANS CARE TELE SERVICES,Normal,SMD,KERD00024697,I Max Mobiles Gadgets,Dealer,S931BC,1,79999
KERR032,BISMILLAH TRADE LINKS,KERD002496,ANS CARE TELE SERVICES,KERD002496,ANS CARE TELE SERVICES,Normal,SMD,KERD001614,GM NEERCHAL,Dealer,A176NM,1,21634
KERR032,BISMILLAH TRADE LINKS,KERD002496,ANS CARE TELE SERVICES,KERD002496,ANS CARE TELE SERVICES,Normal,SMD,KERD001614,GM NEERCHAL,Dealer,E176BB,1,18999
KERR032,BISMILLAH TRADE LINKS,KERD002496,ANS CARE TELE SERVICES,KERD002496,ANS CARE TELE SERVICES,Normal,SMD,KERD001616,CITY CELL UPPALA,Dealer,A076BB,1,15384
KERR032,BISMILLAH TRADE LINKS,KERD002496,ANS CARE TELE SERVICES,KERD002496,ANS CARE TELE SERVICES,Normal,SMD,KERD001616,CITY CELL UPPALA,Dealer,A076BC,1,17307
KERR032,BISMILLAH TRADE LINKS,KERD002496,ANS CARE TELE SERVICES,KERD002496,ANS CARE TELE SERVICES,Normal,SMD,KERD001616,CITY CELL UPPALA,Dealer,A176NL,1,19711
KERR032,BISMILLAH TRADE LINKS,KERD002496,ANS CARE TELE SERVICES,KERD002496,ANS CARE TELE SERVICES,Normal,SMD,KERD001616,CITY CELL UPPALA,Dealer,A176NM,1,21634
KERR032,BISMILLAH TRADE LINKS,KERD002496,ANS CARE TELE SERVICES,KERD002496,ANS CARE TELE SERVICES,Normal,SMD,KERD001616,CITY CELL UPPALA,Dealer,A176NN,1,25480
KERR032,BISMILLAH TRADE LINKS,KERD002496,ANS CARE TELE SERVICES,KERD002496,ANS CARE TELE SERVICES,Normal,SMD,KERD001616,CITY CELL UPPALA,Dealer,A566EG,1,43268
KERR032,BISMILLAH TRADE LINKS,KERD002496,ANS CARE TELE SERVICES,KERD002496,ANS CARE TELE SERVICES,Normal,SMD,KERD001616,CITY CELL UPPALA,Dealer,E176BB,1,18999
KERR032,BISMILLAH TRADE LINKS,KERD002496,ANS CARE TELE SERVICES,KERD002496,ANS CARE TELE SERVICES,Normal,SMD,KERD001616,CITY CELL UPPALA,Dealer,S731BH,1,76999
KERR032,BISMILLAH TRADE LINKS,KERD002496,ANS CARE TELE SERVICES,KERD002496,ANS CARE TELE SERVICES,Normal,SMD,KERD001617,MOBILE CAMPUS,Dealer,A066BD,1,12018
KERR032,BISMILLAH TRADE LINKS,KERD002496,ANS CARE TELE SERVICES,KERD002496,ANS CARE TELE SERVICES,Normal,SMD,KERD001617,MOBILE CAMPUS,Dealer,A075FD,1,9749
KERR032,BISMILLAH TRADE LINKS,KERD002496,ANS CARE TELE SERVICES,KERD002496,ANS CARE TELE SERVICES,Normal,SMD,KERD001617,MOBILE CAMPUS,Dealer,A076BB,2,30768
KERR032,BISMILLAH TRADE LINKS,KERD002496,ANS CARE TELE SERVICES,KERD002496,ANS CARE TELE SERVICES,Normal,SMD,KERD001617,MOBILE CAMPUS,Dealer,A076BC,1,17307
KERR032,BISMILLAH TRADE LINKS,KERD002496,ANS CARE TELE SERVICES,KERD002496,ANS CARE TELE SERVICES,Normal,SMD,KERD001617,MOBILE CAMPUS,Dealer,A176BN,1,22815
KERR032,BISMILLAH TRADE LINKS,KERD002496,ANS CARE TELE SERVICES,KERD002496,ANS CARE TELE SERVICES,Normal,SMD,KERD001617,MOBILE CAMPUS,Dealer,A176NL,1,19711
KERR032,BISMILLAH TRADE LINKS,KERD002496,ANS CARE TELE SERVICES,KERD002496,ANS CARE TELE SERVICES,Normal,SMD,KERD001617,MOBILE CAMPUS,Dealer,A176NN,2,50960
KERR032,BISMILLAH TRADE LINKS,KERD002496,ANS CARE TELE SERVICES,KERD002496,ANS CARE TELE SERVICES,Normal,SMD,KERD001617,MOBILE CAMPUS,Dealer,E176BA,4,67996
KERR032,BISMILLAH TRADE LINKS,KERD002496,ANS CARE TELE SERVICES,KERD002496,ANS CARE TELE SERVICES,Normal,SMD,KERD001617,MOBILE CAMPUS,Dealer,E176BB,3,56997
KERR032,BISMILLAH TRADE LINKS,KERD002496,ANS CARE TELE SERVICES,KERD002496,ANS CARE TELE SERVICES,Normal,SMD,KERD001617,MOBILE CAMPUS,Dealer,E176BD,1,20999
KERR032,BISMILLAH TRADE LINKS,KERD002496,ANS CARE TELE SERVICES,KERD002496,ANS CARE TELE SERVICES,Normal,SMD,KERD001670,MOBILE HUT,Dealer,A066BD,2,24036
KERR032,BISMILLAH TRADE LINKS,KERD002496,ANS CARE TELE SERVICES,KERD002496,ANS CARE TELE SERVICES,Normal,SMD,KERD001670,MOBILE HUT,Dealer,A076BB,1,15384
KERR032,BISMILLAH TRADE LINKS,KERD002496,ANS CARE TELE SERVICES,KERD002496,ANS CARE TELE SERVICES,Normal,SMD,KERD002799,G Smart mobile,Dealer,A066BD,2,24036
KERR032,BISMILLAH TRADE LINKS,KERD002496,ANS CARE TELE SERVICES,KERD002496,ANS CARE TELE SERVICES,Normal,SMD,KERD002799,G Smart mobile,Dealer,A075FD,3,29247
KERR032,BISMILLAH TRADE LINKS,KERD002496,ANS CARE TELE SERVICES,KERD002496,ANS CARE TELE SERVICES,Normal,SMD,KERD002799,G Smart mobile,Dealer,A076BB,5,76920
KERR032,BISMILLAH TRADE LINKS,KERD002496,ANS CARE TELE SERVICES,KERD002496,ANS CARE TELE SERVICES,Normal,SMD,KERD002799,G Smart mobile,Dealer,A076BC,2,34614
KERR032,BISMILLAH TRADE LINKS,KERD002496,ANS CARE TELE SERVICES,KERD002496,ANS CARE TELE SERVICES,Normal,SMD,KERD002799,G Smart mobile,Dealer,A176NL,5,98555
KERR032,BISMILLAH TRADE LINKS,KERD002496,ANS CARE TELE SERVICES,KERD002496,ANS CARE TELE SERVICES,Normal,SMD,KERD002799,G Smart mobile,Dealer,A176NM,4,86536
KERR032,BISMILLAH TRADE LINKS,KERD002496,ANS CARE TELE SERVICES,KERD002496,ANS CARE TELE SERVICES,Normal,SMD,KERD002799,G Smart mobile,Dealer,A176NN,1,25480
KERR032,BISMILLAH TRADE LINKS,KERD002496,ANS CARE TELE SERVICES,KERD002496,ANS CARE TELE SERVICES,Normal,SMD,KERD002799,G Smart mobile,Dealer,A266BK,1,24271
KERR032,BISMILLAH TRADE LINKS,KERD002496,ANS CARE TELE SERVICES,KERD002496,ANS CARE TELE SERVICES,Normal,SMD,KERD002799,G Smart mobile,Dealer,A366EJ,3,93747
KERR032,BISMILLAH TRADE LINKS,KERD002496,ANS CARE TELE SERVICES,KERD002496,ANS CARE TELE SERVICES,Normal,SMD,KERD002799,G Smart mobile,Dealer,A366EK,1,35095
KERR032,BISMILLAH TRADE LINKS,KERD002496,ANS CARE TELE SERVICES,KERD002496,ANS CARE TELE SERVICES,Normal,SMD,KERD002799,G Smart mobile,Dealer,A566EG,3,129804
KERR032,BISMILLAH TRADE LINKS,KERD002496,ANS CARE TELE SERVICES,KERD002496,ANS CARE TELE SERVICES,Normal,SMD,KERD002799,G Smart mobile,Dealer,E145FD,1,8999
KERR032,BISMILLAH TRADE LINKS,KERD002496,ANS CARE TELE SERVICES,KERD002496,ANS CARE TELE SERVICES,Normal,SMD,KERD002799,G Smart mobile,Dealer,E176BA,5,84995
KERR032,BISMILLAH TRADE LINKS,KERD002496,ANS CARE TELE SERVICES,KERD002496,ANS CARE TELE SERVICES,Normal,SMD,KERD002799,G Smart mobile,Dealer,E176BB,2,37998
KERR032,BISMILLAH TRADE LINKS,KERD002496,ANS CARE TELE SERVICES,KERD002496,ANS CARE TELE SERVICES,Normal,SMD,KERD002799,G Smart mobile,Dealer,S948BB,1,138999
KERR032,BISMILLAH TRADE LINKS,KERD002496,ANS CARE TELE SERVICES,KERD002496,ANS CARE TELE SERVICES,Normal,SMD,KERD002799,G Smart mobile,Dealer,S948BC,1,158999
KERR032,BISMILLAH TRADE LINKS,KERD002496,ANS CARE TELE SERVICES,KERD002496,ANS CARE TELE SERVICES,Normal,SMD,KERD002915,ROYAL GIFT,Dealer,A066BD,1,12018
KERR032,BISMILLAH TRADE LINKS,KERD002496,ANS CARE TELE SERVICES,KERD002496,ANS CARE TELE SERVICES,Normal,SMD,KERD002915,ROYAL GIFT,Dealer,A066BG,1,13461
KERR032,BISMILLAH TRADE LINKS,KERD002496,ANS CARE TELE SERVICES,KERD002496,ANS CARE TELE SERVICES,Normal,SMD,KERD002915,ROYAL GIFT,Dealer,A075FD,2,19498
KERR032,BISMILLAH TRADE LINKS,KERD002496,ANS CARE TELE SERVICES,KERD002496,ANS CARE TELE SERVICES,Normal,SMD,KERD002915,ROYAL GIFT,Dealer,A076BB,2,30768
KERR032,BISMILLAH TRADE LINKS,KERD002496,ANS CARE TELE SERVICES,KERD002496,ANS CARE TELE SERVICES,Normal,SMD,KERD002915,ROYAL GIFT,Dealer,A076BC,4,69228
KERR032,BISMILLAH TRADE LINKS,KERD002496,ANS CARE TELE SERVICES,KERD002496,ANS CARE TELE SERVICES,Normal,SMD,KERD002915,ROYAL GIFT,Dealer,A176NL,6,118266
KERR032,BISMILLAH TRADE LINKS,KERD002496,ANS CARE TELE SERVICES,KERD002496,ANS CARE TELE SERVICES,Normal,SMD,KERD002915,ROYAL GIFT,Dealer,A176NM,3,64902
KERR032,BISMILLAH TRADE LINKS,KERD002496,ANS CARE TELE SERVICES,KERD002496,ANS CARE TELE SERVICES,Normal,SMD,KERD002915,ROYAL GIFT,Dealer,A366EJ,1,31249
KERR032,BISMILLAH TRADE LINKS,KERD002496,ANS CARE TELE SERVICES,KERD002496,ANS CARE TELE SERVICES,Normal,SMD,KERD002915,ROYAL GIFT,Dealer,A366EK,1,35095
KERR032,BISMILLAH TRADE LINKS,KERD002496,ANS CARE TELE SERVICES,KERD002496,ANS CARE TELE SERVICES,Normal,SMD,KERD002915,ROYAL GIFT,Dealer,A566EG,3,129804
KERR032,BISMILLAH TRADE LINKS,KERD002496,ANS CARE TELE SERVICES,KERD002496,ANS CARE TELE SERVICES,Normal,SMD,KERD002915,ROYAL GIFT,Dealer,E176BA,1,16999
KERR032,BISMILLAH TRADE LINKS,KERD002496,ANS CARE TELE SERVICES,KERD002496,ANS CARE TELE SERVICES,Normal,SMD,KERD002915,ROYAL GIFT,Dealer,E176BB,3,56997
KERR032,BISMILLAH TRADE LINKS,KERD002496,ANS CARE TELE SERVICES,KERD002496,ANS CARE TELE SERVICES,Normal,SMD,KERD002915,ROYAL GIFT,Dealer,E566BA,1,27999
KERR032,BISMILLAH TRADE LINKS,KERD002496,ANS CARE TELE SERVICES,KERD002496,ANS CARE TELE SERVICES,Normal,SMD,KERD002915,ROYAL GIFT,Dealer,S931BC,1,79999
KERR032,BISMILLAH TRADE LINKS,KERD002496,ANS CARE TELE SERVICES,KERD002496,ANS CARE TELE SERVICES,Normal,SMD,KERD002915,ROYAL GIFT,Dealer,S942BQ,2,213998
KERR032,BISMILLAH TRADE LINKS,KERD002496,ANS CARE TELE SERVICES,KERD002496,ANS CARE TELE SERVICES,Normal,SMD,KERD002915,ROYAL GIFT,Dealer,S948BC,1,158999
KERR032,BISMILLAH TRADE LINKS,KERD002496,ANS CARE TELE SERVICES,KERD002496,ANS CARE TELE SERVICES,Normal,SMD,KERD003336,MOBI TECH HOSANGADY,Dealer,A066BD,1,12018
KERR032,BISMILLAH TRADE LINKS,KERD002496,ANS CARE TELE SERVICES,KERD002496,ANS CARE TELE SERVICES,Normal,SMD,KERD003336,MOBI TECH HOSANGADY,Dealer,A075FD,1,9749
KERR032,BISMILLAH TRADE LINKS,KERD002496,ANS CARE TELE SERVICES,KERD002496,ANS CARE TELE SERVICES,Normal,SMD,KERD003336,MOBI TECH HOSANGADY,Dealer,A076BB,6,92304
KERR032,BISMILLAH TRADE LINKS,KERD002496,ANS CARE TELE SERVICES,KERD002496,ANS CARE TELE SERVICES,Normal,SMD,KERD003336,MOBI TECH HOSANGADY,Dealer,A076BC,3,51921
KERR032,BISMILLAH TRADE LINKS,KERD002496,ANS CARE TELE SERVICES,KERD002496,ANS CARE TELE SERVICES,Normal,SMD,KERD003336,MOBI TECH HOSANGADY,Dealer,A176NL,2,39422
KERR032,BISMILLAH TRADE LINKS,KERD002496,ANS CARE TELE SERVICES,KERD002496,ANS CARE TELE SERVICES,Normal,SMD,KERD003336,MOBI TECH HOSANGADY,Dealer,A176NM,3,64902
KERR032,BISMILLAH TRADE LINKS,KERD002496,ANS CARE TELE SERVICES,KERD002496,ANS CARE TELE SERVICES,Normal,SMD,KERD003336,MOBI TECH HOSANGADY,Dealer,A266BK,1,24271
KERR032,BISMILLAH TRADE LINKS,KERD002496,ANS CARE TELE SERVICES,KERD002496,ANS CARE TELE SERVICES,Normal,SMD,KERD003336,MOBI TECH HOSANGADY,Dealer,A366EJ,2,62498
KERR032,BISMILLAH TRADE LINKS,KERD002496,ANS CARE TELE SERVICES,KERD002496,ANS CARE TELE SERVICES,Normal,SMD,KERD003336,MOBI TECH HOSANGADY,Dealer,A366EK,1,35095
KERR032,BISMILLAH TRADE LINKS,KERD002496,ANS CARE TELE SERVICES,KERD002496,ANS CARE TELE SERVICES,Normal,SMD,KERD003336,MOBI TECH HOSANGADY,Dealer,A566EG,1,43268
KERR032,BISMILLAH TRADE LINKS,KERD002496,ANS CARE TELE SERVICES,KERD002496,ANS CARE TELE SERVICES,Normal,SMD,KERD003336,MOBI TECH HOSANGADY,Dealer,E176BA,1,16999
KERR032,BISMILLAH TRADE LINKS,KERD002496,ANS CARE TELE SERVICES,KERD002496,ANS CARE TELE SERVICES,Normal,SMD,KERD003336,MOBI TECH HOSANGADY,Dealer,E176BD,1,20999
KERR032,BISMILLAH TRADE LINKS,KERD002496,ANS CARE TELE SERVICES,KERD002496,ANS CARE TELE SERVICES,Normal,SMD,KERD003368,ECHO MOBILES MAJEERPALLA,Dealer,A076BB,2,30768
KERR032,BISMILLAH TRADE LINKS,KERD002496,ANS CARE TELE SERVICES,KERD002496,ANS CARE TELE SERVICES,Normal,SMD,KERD003368,ECHO MOBILES MAJEERPALLA,Dealer,A176NL,1,19711
KERR032,BISMILLAH TRADE LINKS,KERD002496,ANS CARE TELE SERVICES,KERD002496,ANS CARE TELE SERVICES,Normal,SMD,KERD003368,ECHO MOBILES MAJEERPALLA,Dealer,A366EK,1,35095
KERR032,BISMILLAH TRADE LINKS,KERD002496,ANS CARE TELE SERVICES,KERD002496,ANS CARE TELE SERVICES,Normal,SMD,KERD003368,ECHO MOBILES MAJEERPALLA,Dealer,E176BB,1,18999
KERR032,BISMILLAH TRADE LINKS,KERD002496,ANS CARE TELE SERVICES,KERD002496,ANS CARE TELE SERVICES,Normal,SMD,KERD003368,ECHO MOBILES MAJEERPALLA,Dealer,E176BD,1,20999
KERR032,BISMILLAH TRADE LINKS,KERD002496,ANS CARE TELE SERVICES,KERD002496,ANS CARE TELE SERVICES,Normal,SMD,KERD004877,OMAN MOBILE UPPALA,Dealer,A066BG,1,13461
KERR032,BISMILLAH TRADE LINKS,KERD002496,ANS CARE TELE SERVICES,KERD002496,ANS CARE TELE SERVICES,Normal,SMD,KERD004877,OMAN MOBILE UPPALA,Dealer,A076BC,1,17307
KERR032,BISMILLAH TRADE LINKS,KERD002496,ANS CARE TELE SERVICES,KERD002496,ANS CARE TELE SERVICES,Normal,SMD,KERD004877,OMAN MOBILE UPPALA,Dealer,A176NL,2,39422
KERR032,BISMILLAH TRADE LINKS,KERD002496,ANS CARE TELE SERVICES,KERD002496,ANS CARE TELE SERVICES,Normal,SMD,KERD004877,OMAN MOBILE UPPALA,Dealer,E176BB,1,18999
KERR032,BISMILLAH TRADE LINKS,KERD002496,ANS CARE TELE SERVICES,KERD002496,ANS CARE TELE SERVICES,Normal,SMD,KERD009356,I PHIX MOBILE STORE,Dealer,A066BD,1,12018
KERR032,BISMILLAH TRADE LINKS,KERD002496,ANS CARE TELE SERVICES,KERD002496,ANS CARE TELE SERVICES,Normal,SMD,KERD009356,I PHIX MOBILE STORE,Dealer,A076BC,2,34614
KERR032,BISMILLAH TRADE LINKS,KERD002496,ANS CARE TELE SERVICES,KERD002496,ANS CARE TELE SERVICES,Normal,SMD,KERD009356,I PHIX MOBILE STORE,Dealer,A176NN,1,25480
KERR032,BISMILLAH TRADE LINKS,KERD002496,ANS CARE TELE SERVICES,KERD002496,ANS CARE TELE SERVICES,Normal,SMD,KERD009356,I PHIX MOBILE STORE,Dealer,A566EG,1,43268
KERR032,BISMILLAH TRADE LINKS,KERD002496,ANS CARE TELE SERVICES,KERD002496,ANS CARE TELE SERVICES,Normal,SMD,KERD009356,I PHIX MOBILE STORE,Dealer,E176BA,1,16999
KERR032,BISMILLAH TRADE LINKS,KERD002496,ANS CARE TELE SERVICES,KERD002496,ANS CARE TELE SERVICES,Normal,SMD,KERD009356,I PHIX MOBILE STORE,Dealer,E176BB,1,18999
KERR032,BISMILLAH TRADE LINKS,KERD002496,ANS CARE TELE SERVICES,KERD002496,ANS CARE TELE SERVICES,Normal,SMD,KERD009356,I PHIX MOBILE STORE,Dealer,E176BD,1,20999
KERR032,BISMILLAH TRADE LINKS,KERD002496,ANS CARE TELE SERVICES,KERD002496,ANS CARE TELE SERVICES,Normal,SMD,KERD009363,BEST MOBILES,Dealer,A076BC,3,51921
KERR032,BISMILLAH TRADE LINKS,KERD002496,ANS CARE TELE SERVICES,KERD002496,ANS CARE TELE SERVICES,Normal,SMD,KERD009363,BEST MOBILES,Dealer,A176NM,2,43268
KERR032,BISMILLAH TRADE LINKS,KERD002496,ANS CARE TELE SERVICES,KERD002496,ANS CARE TELE SERVICES,Normal,SMD,KERD009363,BEST MOBILES,Dealer,A176NN,1,25480
KERR032,BISMILLAH TRADE LINKS,KERD002496,ANS CARE TELE SERVICES,KERD002496,ANS CARE TELE SERVICES,Normal,SMD,KERD009363,BEST MOBILES,Dealer,E176BA,1,16999
KERR032,BISMILLAH TRADE LINKS,KERD002496,ANS CARE TELE SERVICES,KERD002496,ANS CARE TELE SERVICES,Normal,SMD,KERD009675,Mobile Point Badiadka,Dealer,A075FD,1,9749
KERR032,BISMILLAH TRADE LINKS,KERD002496,ANS CARE TELE SERVICES,KERD002496,ANS CARE TELE SERVICES,Normal,SMD,KERD009675,Mobile Point Badiadka,Dealer,A076BC,2,34614
KERR032,BISMILLAH TRADE LINKS,KERD002496,ANS CARE TELE SERVICES,KERD002496,ANS CARE TELE SERVICES,Normal,SMD,KERD009675,Mobile Point Badiadka,Dealer,A176BM,1,19902
KERR032,BISMILLAH TRADE LINKS,KERD002496,ANS CARE TELE SERVICES,KERD002496,ANS CARE TELE SERVICES,Normal,SMD,KERD009675,Mobile Point Badiadka,Dealer,A176NL,1,19711
KERR032,BISMILLAH TRADE LINKS,KERD002496,ANS CARE TELE SERVICES,KERD002496,ANS CARE TELE SERVICES,Normal,SMD,KERD009675,Mobile Point Badiadka,Dealer,E176BB,1,18999
KERR032,BISMILLAH TRADE LINKS,KERD002496,ANS CARE TELE SERVICES,KERD002496,ANS CARE TELE SERVICES,Normal,SMD,KERD010821,SWEEKAR COMMUNICATIONS,Dealer,A166PH,1,18446
KERR032,BISMILLAH TRADE LINKS,KERD002496,ANS CARE TELE SERVICES,KERD002496,ANS CARE TELE SERVICES,Normal,SMD,KERD010821,SWEEKAR COMMUNICATIONS,Dealer,A176BL,1,18446
KERR032,BISMILLAH TRADE LINKS,KERD002496,ANS CARE TELE SERVICES,KERD002496,ANS CARE TELE SERVICES,Normal,SMD,KERD011791,4U MOBILE,Dealer,A076BB,1,15384
KERR032,BISMILLAH TRADE LINKS,KERD002496,ANS CARE TELE SERVICES,KERD002496,ANS CARE TELE SERVICES,Normal,SMD,KERD011791,4U MOBILE,Dealer,E176BA,1,16999
KERR032,BISMILLAH TRADE LINKS,KERD002496,ANS CARE TELE SERVICES,KERD002496,ANS CARE TELE SERVICES,Normal,SMD,KERD011791,4U MOBILE,Dealer,E176BB,2,37998
KERR032,BISMILLAH TRADE LINKS,KERD002496,ANS CARE TELE SERVICES,KERD002496,ANS CARE TELE SERVICES,Normal,SMD,KERD011849,BMA Communication,Dealer,A066BG,1,13461
KERR032,BISMILLAH TRADE LINKS,KERD002496,ANS CARE TELE SERVICES,KERD002496,ANS CARE TELE SERVICES,Normal,SMD,KERD012662,PHONIZ,Dealer,A076BB,2,30768
KERR032,BISMILLAH TRADE LINKS,KERD002496,ANS CARE TELE SERVICES,KERD002496,ANS CARE TELE SERVICES,Normal,SMD,KERD012662,PHONIZ,Dealer,A076BC,1,17307
KERR032,BISMILLAH TRADE LINKS,KERD002496,ANS CARE TELE SERVICES,KERD002496,ANS CARE TELE SERVICES,Normal,SMD,KERD012662,PHONIZ,Dealer,A176NM,1,21634
KERR032,BISMILLAH TRADE LINKS,KERD002496,ANS CARE TELE SERVICES,KERD002496,ANS CARE TELE SERVICES,Normal,SMD,KERD012662,PHONIZ,Dealer,A366EK,1,35095
KERR032,BISMILLAH TRADE LINKS,KERD002496,ANS CARE TELE SERVICES,KERD002496,ANS CARE TELE SERVICES,Normal,SMD,KERD1446,MOBILE MAGIC UPPALA,Dealer,A066BD,3,36054
KERR032,BISMILLAH TRADE LINKS,KERD002496,ANS CARE TELE SERVICES,KERD002496,ANS CARE TELE SERVICES,Normal,SMD,KERD1446,MOBILE MAGIC UPPALA,Dealer,A075FD,4,38996
KERR032,BISMILLAH TRADE LINKS,KERD002496,ANS CARE TELE SERVICES,KERD002496,ANS CARE TELE SERVICES,Normal,SMD,KERD1446,MOBILE MAGIC UPPALA,Dealer,A076BB,1,15384
KERR032,BISMILLAH TRADE LINKS,KERD002496,ANS CARE TELE SERVICES,KERD002496,ANS CARE TELE SERVICES,Normal,SMD,KERD1446,MOBILE MAGIC UPPALA,Dealer,A076BC,1,17307
KERR032,BISMILLAH TRADE LINKS,KERD002496,ANS CARE TELE SERVICES,KERD002496,ANS CARE TELE SERVICES,Normal,SMD,KERD1446,MOBILE MAGIC UPPALA,Dealer,A176NL,6,118266
KERR032,BISMILLAH TRADE LINKS,KERD002496,ANS CARE TELE SERVICES,KERD002496,ANS CARE TELE SERVICES,Normal,SMD,KERD1446,MOBILE MAGIC UPPALA,Dealer,A176NM,3,64902
KERR032,BISMILLAH TRADE LINKS,KERD002496,ANS CARE TELE SERVICES,KERD002496,ANS CARE TELE SERVICES,Normal,SMD,KERD1446,MOBILE MAGIC UPPALA,Dealer,A266BK,1,24271
KERR032,BISMILLAH TRADE LINKS,KERD002496,ANS CARE TELE SERVICES,KERD002496,ANS CARE TELE SERVICES,Normal,SMD,KERD1446,MOBILE MAGIC UPPALA,Dealer,A366EJ,1,31249
KERR032,BISMILLAH TRADE LINKS,KERD002496,ANS CARE TELE SERVICES,KERD002496,ANS CARE TELE SERVICES,Normal,SMD,KERD1446,MOBILE MAGIC UPPALA,Dealer,A366EK,1,35095
KERR032,BISMILLAH TRADE LINKS,KERD002496,ANS CARE TELE SERVICES,KERD002496,ANS CARE TELE SERVICES,Normal,SMD,KERD1446,MOBILE MAGIC UPPALA,Dealer,A376ED,1,40384
KERR032,BISMILLAH TRADE LINKS,KERD002496,ANS CARE TELE SERVICES,KERD002496,ANS CARE TELE SERVICES,Normal,SMD,KERD1446,MOBILE MAGIC UPPALA,Dealer,A376EG,1,45672
KERR032,BISMILLAH TRADE LINKS,KERD002496,ANS CARE TELE SERVICES,KERD002496,ANS CARE TELE SERVICES,Normal,SMD,KERD1446,MOBILE MAGIC UPPALA,Dealer,A566EG,2,86536
KERR032,BISMILLAH TRADE LINKS,KERD002496,ANS CARE TELE SERVICES,KERD002496,ANS CARE TELE SERVICES,Normal,SMD,KERD1446,MOBILE MAGIC UPPALA,Dealer,A576BG,1,60095
KERR032,BISMILLAH TRADE LINKS,KERD002496,ANS CARE TELE SERVICES,KERD002496,ANS CARE TELE SERVICES,Normal,SMD,KERD1446,MOBILE MAGIC UPPALA,Dealer,E145FD,2,17998
KERR032,BISMILLAH TRADE LINKS,KERD002496,ANS CARE TELE SERVICES,KERD002496,ANS CARE TELE SERVICES,Normal,SMD,KERD1446,MOBILE MAGIC UPPALA,Dealer,E176BA,8,135992
KERR032,BISMILLAH TRADE LINKS,KERD002496,ANS CARE TELE SERVICES,KERD002496,ANS CARE TELE SERVICES,Normal,SMD,KERD1446,MOBILE MAGIC UPPALA,Dealer,E176BB,7,132993
KERR032,BISMILLAH TRADE LINKS,KERD002496,ANS CARE TELE SERVICES,KERD002496,ANS CARE TELE SERVICES,Normal,SMD,KERD1446,MOBILE MAGIC UPPALA,Dealer,E176BD,1,20999
KERR032,BISMILLAH TRADE LINKS,KERD002496,ANS CARE TELE SERVICES,KERD002496,ANS CARE TELE SERVICES,Normal,SMD,KERD1446,MOBILE MAGIC UPPALA,Dealer,E566BB,1,30999
KERR032,BISMILLAH TRADE LINKS,KERD002496,ANS CARE TELE SERVICES,KERD002496,ANS CARE TELE SERVICES,Normal,SMD,KERD1446,MOBILE MAGIC UPPALA,Dealer,M145FD,4,35996
KERR032,BISMILLAH TRADE LINKS,KERD002496,ANS CARE TELE SERVICES,KERD002496,ANS CARE TELE SERVICES,Normal,SMD,KERD1446,MOBILE MAGIC UPPALA,Dealer,M566BA,2,55998
KERR032,BISMILLAH TRADE LINKS,KERD002496,ANS CARE TELE SERVICES,KERD002496,ANS CARE TELE SERVICES,Normal,SMD,KERD1446,MOBILE MAGIC UPPALA,Dealer,S931BB,2,147998
KERR032,BISMILLAH TRADE LINKS,KERD002496,ANS CARE TELE SERVICES,KERD002496,ANS CARE TELE SERVICES,Normal,SMD,KERD1446,MOBILE MAGIC UPPALA,Dealer,S931BC,2,159998
KERR032,BISMILLAH TRADE LINKS,KERD002496,ANS CARE TELE SERVICES,KERD002496,ANS CARE TELE SERVICES,Normal,SMD,KERD1446,MOBILE MAGIC UPPALA,Dealer,S942BC,5,434995
KERR032,BISMILLAH TRADE LINKS,KERD002496,ANS CARE TELE SERVICES,KERD002496,ANS CARE TELE SERVICES,Normal,SMD,KERD1446,MOBILE MAGIC UPPALA,Dealer,S942BQ,1,106999
KERR032,BISMILLAH TRADE LINKS,KERD002496,ANS CARE TELE SERVICES,KERD002496,ANS CARE TELE SERVICES,Normal,SMD,KERD1446,MOBILE MAGIC UPPALA,Dealer,S948BC,3,476997
KERR032,BISMILLAH TRADE LINKS,KERD002496,ANS CARE TELE SERVICES,KERD002496,ANS CARE TELE SERVICES,Normal,SMD,KERD1446,MOBILE MAGIC UPPALA,Dealer,S948BE,1,158999
KERR032,BISMILLAH TRADE LINKS,KERD002496,ANS CARE TELE SERVICES,KERD002496,ANS CARE TELE SERVICES,Normal,SMD,KERD4283,galaxy communication badiadka,Dealer,A066BG,1,13461
KERR032,BISMILLAH TRADE LINKS,KERD002496,ANS CARE TELE SERVICES,KERD002496,ANS CARE TELE SERVICES,Normal,SMD,KERD4283,galaxy communication badiadka,Dealer,A166PH,1,18446
KERR032,BISMILLAH TRADE LINKS,KERD002496,ANS CARE TELE SERVICES,KERD002496,ANS CARE TELE SERVICES,Normal,SMD,KERD4283,galaxy communication badiadka,Dealer,A266BL,1,27183
KERR032,BISMILLAH TRADE LINKS,KERD002496,ANS CARE TELE SERVICES,KERD002496,ANS CARE TELE SERVICES,Normal,SMD,KERD4283,galaxy communication badiadka,Dealer,A566EG,2,86536
KERR032,BISMILLAH TRADE LINKS,KERD002496,ANS CARE TELE SERVICES,KERD002496,ANS CARE TELE SERVICES,Normal,SMD,KERD4283,galaxy communication badiadka,Dealer,E176BB,1,18999
KERR032,BISMILLAH TRADE LINKS,KERD002496,ANSCARETELESERVICES,KERD002496,ANS CARE TELE SERVICES,DEMO,SMD,KERD002799,G Smart mobile,Dealer,S942BC,1,86999
KERR032,BISMILLAH TRADE LINKS,KERD002496,ANSCARETELESERVICES,KERD002496,ANS CARE TELE SERVICES,Normal,SMD,KERD00024636,66 Mobiles,Dealer,A076BB,1,15864
KERR032,BISMILLAH TRADE LINKS,KERD002496,ANSCARETELESERVICES,KERD002496,ANS CARE TELE SERVICES,Normal,SMD,KERD00024636,66 Mobiles,Dealer,A176NL,1,20672
KERR032,BISMILLAH TRADE LINKS,KERD002496,ANSCARETELESERVICES,KERD002496,ANS CARE TELE SERVICES,Normal,SMD,KERD00024636,66 Mobiles,Dealer,A366EK,2,73076
KERR032,BISMILLAH TRADE LINKS,KERD002496,ANSCARETELESERVICES,KERD002496,ANS CARE TELE SERVICES,Normal,SMD,KERD00024636,66 Mobiles,Dealer,E176BA,3,53997
KERR032,BISMILLAH TRADE LINKS,KERD002496,ANSCARETELESERVICES,KERD002496,ANS CARE TELE SERVICES,Normal,SMD,KERD00024697,I Max Mobiles Gadgets,Dealer,A066BD,2,25960
KERR032,BISMILLAH TRADE LINKS,KERD002496,ANSCARETELESERVICES,KERD002496,ANS CARE TELE SERVICES,Normal,SMD,KERD00024697,I Max Mobiles Gadgets,Dealer,A076BB,1,15864
KERR032,BISMILLAH TRADE LINKS,KERD002496,ANSCARETELESERVICES,KERD002496,ANS CARE TELE SERVICES,Normal,SMD,KERD00024697,I Max Mobiles Gadgets,Dealer,A176NL,2,41344
KERR032,BISMILLAH TRADE LINKS,KERD002496,ANSCARETELESERVICES,KERD002496,ANS CARE TELE SERVICES,Normal,SMD,KERD00024697,I Max Mobiles Gadgets,Dealer,A176NN,1,26922
KERR032,BISMILLAH TRADE LINKS,KERD002496,ANSCARETELESERVICES,KERD002496,ANS CARE TELE SERVICES,Normal,SMD,KERD00024697,I Max Mobiles Gadgets,Dealer,A366EK,1,36538
KERR032,BISMILLAH TRADE LINKS,KERD002496,ANSCARETELESERVICES,KERD002496,ANS CARE TELE SERVICES,Normal,SMD,KERD00024697,I Max Mobiles Gadgets,Dealer,E176BA,1,17999
KERR032,BISMILLAH TRADE LINKS,KERD002496,ANSCARETELESERVICES,KERD002496,ANS CARE TELE SERVICES,Normal,SMD,KERD00024697,I Max Mobiles Gadgets,Dealer,E176BB,1,19999
KERR032,BISMILLAH TRADE LINKS,KERD002496,ANSCARETELESERVICES,KERD002496,ANS CARE TELE SERVICES,Normal,SMD,KERD00024697,I Max Mobiles Gadgets,Dealer,E176BD,1,21999
KERR032,BISMILLAH TRADE LINKS,KERD002496,ANSCARETELESERVICES,KERD002496,ANS CARE TELE SERVICES,Normal,SMD,KERD00024697,I Max Mobiles Gadgets,Dealer,E566BB,2,61998
KERR032,BISMILLAH TRADE LINKS,KERD002496,ANSCARETELESERVICES,KERD002496,ANS CARE TELE SERVICES,Normal,SMD,KERD001614,GM NEERCHAL,Dealer,A076BB,1,15864
KERR032,BISMILLAH TRADE LINKS,KERD002496,ANSCARETELESERVICES,KERD002496,ANS CARE TELE SERVICES,Normal,SMD,KERD001614,GM NEERCHAL,Dealer,A366EK,1,36538
KERR032,BISMILLAH TRADE LINKS,KERD002496,ANSCARETELESERVICES,KERD002496,ANS CARE TELE SERVICES,Normal,SMD,KERD001614,GM NEERCHAL,Dealer,E566BA,1,27999
KERR032,BISMILLAH TRADE LINKS,KERD002496,ANSCARETELESERVICES,KERD002496,ANS CARE TELE SERVICES,Normal,SMD,KERD001614,GM NEERCHAL,Dealer,M558BA,1,26999
KERR032,BISMILLAH TRADE LINKS,KERD002496,ANSCARETELESERVICES,KERD002496,ANS CARE TELE SERVICES,Normal,SMD,KERD001614,GM NEERCHAL,Dealer,M558BC,1,29999
KERR032,BISMILLAH TRADE LINKS,KERD002496,ANSCARETELESERVICES,KERD002496,ANS CARE TELE SERVICES,Normal,SMD,KERD001614,GM NEERCHAL,Dealer,S942BC,1,86999
KERR032,BISMILLAH TRADE LINKS,KERD002496,ANSCARETELESERVICES,KERD002496,ANS CARE TELE SERVICES,Normal,SMD,KERD001616,CITY CELL UPPALA,Dealer,A076BB,2,31728
KERR032,BISMILLAH TRADE LINKS,KERD002496,ANSCARETELESERVICES,KERD002496,ANS CARE TELE SERVICES,Normal,SMD,KERD001616,CITY CELL UPPALA,Dealer,A076BC,1,17788
KERR032,BISMILLAH TRADE LINKS,KERD002496,ANSCARETELESERVICES,KERD002496,ANS CARE TELE SERVICES,Normal,SMD,KERD001616,CITY CELL UPPALA,Dealer,A176NL,4,82688
KERR032,BISMILLAH TRADE LINKS,KERD002496,ANSCARETELESERVICES,KERD002496,ANS CARE TELE SERVICES,Normal,SMD,KERD001616,CITY CELL UPPALA,Dealer,A176NM,4,90380
KERR032,BISMILLAH TRADE LINKS,KERD002496,ANSCARETELESERVICES,KERD002496,ANS CARE TELE SERVICES,Normal,SMD,KERD001616,CITY CELL UPPALA,Dealer,A366EK,2,73076
KERR032,BISMILLAH TRADE LINKS,KERD002496,ANSCARETELESERVICES,KERD002496,ANS CARE TELE SERVICES,Normal,SMD,KERD001616,CITY CELL UPPALA,Dealer,E176BA,1,17999
KERR032,BISMILLAH TRADE LINKS,KERD002496,ANSCARETELESERVICES,KERD002496,ANS CARE TELE SERVICES,Normal,SMD,KERD001616,CITY CELL UPPALA,Dealer,E176BB,1,19999
KERR032,BISMILLAH TRADE LINKS,KERD002496,ANSCARETELESERVICES,KERD002496,ANS CARE TELE SERVICES,Normal,SMD,KERD001616,CITY CELL UPPALA,Dealer,M145FD,1,8999
KERR032,BISMILLAH TRADE LINKS,KERD002496,ANSCARETELESERVICES,KERD002496,ANS CARE TELE SERVICES,Normal,SMD,KERD001617,MOBILE CAMPUS,Dealer,A075FD,1,10999
KERR032,BISMILLAH TRADE LINKS,KERD002496,ANSCARETELESERVICES,KERD002496,ANS CARE TELE SERVICES,Normal,SMD,KERD001617,MOBILE CAMPUS,Dealer,A076BB,3,47592
KERR032,BISMILLAH TRADE LINKS,KERD002496,ANSCARETELESERVICES,KERD002496,ANS CARE TELE SERVICES,Normal,SMD,KERD001617,MOBILE CAMPUS,Dealer,A076BC,1,17788
KERR032,BISMILLAH TRADE LINKS,KERD002496,ANSCARETELESERVICES,KERD002496,ANS CARE TELE SERVICES,Normal,SMD,KERD001617,MOBILE CAMPUS,Dealer,A176NL,4,82688
KERR032,BISMILLAH TRADE LINKS,KERD002496,ANSCARETELESERVICES,KERD002496,ANS CARE TELE SERVICES,Normal,SMD,KERD001617,MOBILE CAMPUS,Dealer,A566EG,1,45191
KERR032,BISMILLAH TRADE LINKS,KERD002496,ANSCARETELESERVICES,KERD002496,ANS CARE TELE SERVICES,Normal,SMD,KERD001617,MOBILE CAMPUS,Dealer,E176BA,5,89995
KERR032,BISMILLAH TRADE LINKS,KERD002496,ANSCARETELESERVICES,KERD002496,ANS CARE TELE SERVICES,Normal,SMD,KERD001617,MOBILE CAMPUS,Dealer,E176BB,4,79996
KERR032,BISMILLAH TRADE LINKS,KERD002496,ANSCARETELESERVICES,KERD002496,ANS CARE TELE SERVICES,Normal,SMD,KERD001617,MOBILE CAMPUS,Dealer,E176BD,2,43998
KERR032,BISMILLAH TRADE LINKS,KERD002496,ANSCARETELESERVICES,KERD002496,ANS CARE TELE SERVICES,Normal,SMD,KERD001617,MOBILE CAMPUS,Dealer,M135FP,1,11999
KERR032,BISMILLAH TRADE LINKS,KERD002496,ANSCARETELESERVICES,KERD002496,ANS CARE TELE SERVICES,Normal,SMD,KERD001670,MOBILE HUT,Dealer,A066BD,2,25960
KERR032,BISMILLAH TRADE LINKS,KERD002496,ANSCARETELESERVICES,KERD002496,ANS CARE TELE SERVICES,Normal,SMD,KERD001670,MOBILE HUT,Dealer,A176BN,1,26922
KERR032,BISMILLAH TRADE LINKS,KERD002496,ANSCARETELESERVICES,KERD002496,ANS CARE TELE SERVICES,Normal,SMD,KERD001670,MOBILE HUT,Dealer,A176NM,1,22595
KERR032,BISMILLAH TRADE LINKS,KERD002496,ANSCARETELESERVICES,KERD002496,ANS CARE TELE SERVICES,Normal,SMD,KERD002799,G Smart mobile,Dealer,A066BD,2,25960
KERR032,BISMILLAH TRADE LINKS,KERD002496,ANSCARETELESERVICES,KERD002496,ANS CARE TELE SERVICES,Normal,SMD,KERD002799,G Smart mobile,Dealer,A075FD,2,21998
KERR032,BISMILLAH TRADE LINKS,KERD002496,ANSCARETELESERVICES,KERD002496,ANS CARE TELE SERVICES,Normal,SMD,KERD002799,G Smart mobile,Dealer,A076BB,5,79320
KERR032,BISMILLAH TRADE LINKS,KERD002496,ANSCARETELESERVICES,KERD002496,ANS CARE TELE SERVICES,Normal,SMD,KERD002799,G Smart mobile,Dealer,A076BC,2,35576
KERR032,BISMILLAH TRADE LINKS,KERD002496,ANSCARETELESERVICES,KERD002496,ANS CARE TELE SERVICES,Normal,SMD,KERD002799,G Smart mobile,Dealer,A176NL,3,62016
KERR032,BISMILLAH TRADE LINKS,KERD002496,ANSCARETELESERVICES,KERD002496,ANS CARE TELE SERVICES,Normal,SMD,KERD002799,G Smart mobile,Dealer,A176NM,3,67785
KERR032,BISMILLAH TRADE LINKS,KERD002496,ANSCARETELESERVICES,KERD002496,ANS CARE TELE SERVICES,Normal,SMD,KERD002799,G Smart mobile,Dealer,A176NN,1,26922
KERR032,BISMILLAH TRADE LINKS,KERD002496,ANSCARETELESERVICES,KERD002496,ANS CARE TELE SERVICES,Normal,SMD,KERD002799,G Smart mobile,Dealer,A366EK,2,73076
KERR032,BISMILLAH TRADE LINKS,KERD002496,ANSCARETELESERVICES,KERD002496,ANS CARE TELE SERVICES,Normal,SMD,KERD002799,G Smart mobile,Dealer,A376EG,3,137016
KERR032,BISMILLAH TRADE LINKS,KERD002496,ANSCARETELESERVICES,KERD002496,ANS CARE TELE SERVICES,Normal,SMD,KERD002799,G Smart mobile,Dealer,A576BF,2,109614
KERR032,BISMILLAH TRADE LINKS,KERD002496,ANSCARETELESERVICES,KERD002496,ANS CARE TELE SERVICES,Normal,SMD,KERD002799,G Smart mobile,Dealer,A576BG,2,120190
KERR032,BISMILLAH TRADE LINKS,KERD002496,ANSCARETELESERVICES,KERD002496,ANS CARE TELE SERVICES,Normal,SMD,KERD002799,G Smart mobile,Dealer,E145FD,1,8999
KERR032,BISMILLAH TRADE LINKS,KERD002496,ANSCARETELESERVICES,KERD002496,ANS CARE TELE SERVICES,Normal,SMD,KERD002799,G Smart mobile,Dealer,E176BB,3,59997
KERR032,BISMILLAH TRADE LINKS,KERD002496,ANSCARETELESERVICES,KERD002496,ANS CARE TELE SERVICES,Normal,SMD,KERD002799,G Smart mobile,Dealer,E176BD,1,21999
KERR032,BISMILLAH TRADE LINKS,KERD002496,ANSCARETELESERVICES,KERD002496,ANS CARE TELE SERVICES,Normal,SMD,KERD002799,G Smart mobile,Dealer,M366BG,1,26999
KERR032,BISMILLAH TRADE LINKS,KERD002496,ANSCARETELESERVICES,KERD002496,ANS CARE TELE SERVICES,Normal,SMD,KERD002799,G Smart mobile,Dealer,S942BC,3,260997
KERR032,BISMILLAH TRADE LINKS,KERD002496,ANSCARETELESERVICES,KERD002496,ANS CARE TELE SERVICES,Normal,SMD,KERD002799,G Smart mobile,Dealer,X135GA,1,18999
KERR032,BISMILLAH TRADE LINKS,KERD002496,ANSCARETELESERVICES,KERD002496,ANS CARE TELE SERVICES,Normal,SMD,KERD002915,ROYAL GIFT,Dealer,A066BD,2,25960
KERR032,BISMILLAH TRADE LINKS,KERD002496,ANSCARETELESERVICES,KERD002496,ANS CARE TELE SERVICES,Normal,SMD,KERD002915,ROYAL GIFT,Dealer,A075FD,2,21998
KERR032,BISMILLAH TRADE LINKS,KERD002496,ANSCARETELESERVICES,KERD002496,ANS CARE TELE SERVICES,Normal,SMD,KERD002915,ROYAL GIFT,Dealer,A076BB,4,63456
KERR032,BISMILLAH TRADE LINKS,KERD002496,ANSCARETELESERVICES,KERD002496,ANS CARE TELE SERVICES,Normal,SMD,KERD002915,ROYAL GIFT,Dealer,A076BC,4,71152
KERR032,BISMILLAH TRADE LINKS,KERD002496,ANSCARETELESERVICES,KERD002496,ANS CARE TELE SERVICES,Normal,SMD,KERD002915,ROYAL GIFT,Dealer,A176NL,3,62016
KERR032,BISMILLAH TRADE LINKS,KERD002496,ANSCARETELESERVICES,KERD002496,ANS CARE TELE SERVICES,Normal,SMD,KERD002915,ROYAL GIFT,Dealer,A176NN,1,26922
KERR032,BISMILLAH TRADE LINKS,KERD002496,ANSCARETELESERVICES,KERD002496,ANS CARE TELE SERVICES,Normal,SMD,KERD002915,ROYAL GIFT,Dealer,A376ED,3,121152
KERR032,BISMILLAH TRADE LINKS,KERD002496,ANSCARETELESERVICES,KERD002496,ANS CARE TELE SERVICES,Normal,SMD,KERD002915,ROYAL GIFT,Dealer,A376EG,4,182688
KERR032,BISMILLAH TRADE LINKS,KERD002496,ANSCARETELESERVICES,KERD002496,ANS CARE TELE SERVICES,Normal,SMD,KERD002915,ROYAL GIFT,Dealer,A566EG,1,45191
KERR032,BISMILLAH TRADE LINKS,KERD002496,ANSCARETELESERVICES,KERD002496,ANS CARE TELE SERVICES,Normal,SMD,KERD002915,ROYAL GIFT,Dealer,A576BF,1,54807
KERR032,BISMILLAH TRADE LINKS,KERD002496,ANSCARETELESERVICES,KERD002496,ANS CARE TELE SERVICES,Normal,SMD,KERD002915,ROYAL GIFT,Dealer,E176BA,4,71996
KERR032,BISMILLAH TRADE LINKS,KERD002496,ANSCARETELESERVICES,KERD002496,ANS CARE TELE SERVICES,Normal,SMD,KERD002915,ROYAL GIFT,Dealer,E176BB,1,19999
KERR032,BISMILLAH TRADE LINKS,KERD002496,ANSCARETELESERVICES,KERD002496,ANS CARE TELE SERVICES,Normal,SMD,KERD002915,ROYAL GIFT,Dealer,E366BB,3,62997
KERR032,BISMILLAH TRADE LINKS,KERD002496,ANSCARETELESERVICES,KERD002496,ANS CARE TELE SERVICES,Normal,SMD,KERD002915,ROYAL GIFT,Dealer,E566BA,2,55998
KERR032,BISMILLAH TRADE LINKS,KERD002496,ANSCARETELESERVICES,KERD002496,ANS CARE TELE SERVICES,Normal,SMD,KERD002915,ROYAL GIFT,Dealer,E566BB,1,30999
KERR032,BISMILLAH TRADE LINKS,KERD002496,ANSCARETELESERVICES,KERD002496,ANS CARE TELE SERVICES,Normal,SMD,KERD002915,ROYAL GIFT,Dealer,S942BC,1,86999
KERR032,BISMILLAH TRADE LINKS,KERD002496,ANSCARETELESERVICES,KERD002496,ANS CARE TELE SERVICES,Normal,SMD,KERD003336,MOBI TECH HOSANGADY,Dealer,A076BB,3,47592
KERR032,BISMILLAH TRADE LINKS,KERD002496,ANSCARETELESERVICES,KERD002496,ANS CARE TELE SERVICES,Normal,SMD,KERD003336,MOBI TECH HOSANGADY,Dealer,A076BC,1,17788
KERR032,BISMILLAH TRADE LINKS,KERD002496,ANSCARETELESERVICES,KERD002496,ANS CARE TELE SERVICES,Normal,SMD,KERD003336,MOBI TECH HOSANGADY,Dealer,A176NL,3,62016
KERR032,BISMILLAH TRADE LINKS,KERD002496,ANSCARETELESERVICES,KERD002496,ANS CARE TELE SERVICES,Normal,SMD,KERD003336,MOBI TECH HOSANGADY,Dealer,A176NM,1,22595
KERR032,BISMILLAH TRADE LINKS,KERD002496,ANSCARETELESERVICES,KERD002496,ANS CARE TELE SERVICES,Normal,SMD,KERD003336,MOBI TECH HOSANGADY,Dealer,A176NN,2,53844
KERR032,BISMILLAH TRADE LINKS,KERD002496,ANSCARETELESERVICES,KERD002496,ANS CARE TELE SERVICES,Normal,SMD,KERD003336,MOBI TECH HOSANGADY,Dealer,A366EJ,1,32691
KERR032,BISMILLAH TRADE LINKS,KERD002496,ANSCARETELESERVICES,KERD002496,ANS CARE TELE SERVICES,Normal,SMD,KERD003336,MOBI TECH HOSANGADY,Dealer,A376ED,1,40384
KERR032,BISMILLAH TRADE LINKS,KERD002496,ANSCARETELESERVICES,KERD002496,ANS CARE TELE SERVICES,Normal,SMD,KERD003336,MOBI TECH HOSANGADY,Dealer,E176BA,1,17999
KERR032,BISMILLAH TRADE LINKS,KERD002496,ANSCARETELESERVICES,KERD002496,ANS CARE TELE SERVICES,Normal,SMD,KERD003336,MOBI TECH HOSANGADY,Dealer,E176BB,3,59997
KERR032,BISMILLAH TRADE LINKS,KERD002496,ANSCARETELESERVICES,KERD002496,ANS CARE TELE SERVICES,Normal,SMD,KERD003336,MOBI TECH HOSANGADY,Dealer,E176BD,1,21999
KERR032,BISMILLAH TRADE LINKS,KERD002496,ANSCARETELESERVICES,KERD002496,ANS CARE TELE SERVICES,Normal,SMD,KERD003336,MOBI TECH HOSANGADY,Dealer,S942BC,1,86999
KERR032,BISMILLAH TRADE LINKS,KERD002496,ANSCARETELESERVICES,KERD002496,ANS CARE TELE SERVICES,Normal,SMD,KERD003368,ECHO MOBILES MAJEERPALLA,Dealer,A076BB,5,79320
KERR032,BISMILLAH TRADE LINKS,KERD002496,ANSCARETELESERVICES,KERD002496,ANS CARE TELE SERVICES,Normal,SMD,KERD003368,ECHO MOBILES MAJEERPALLA,Dealer,A176NL,1,20672
KERR032,BISMILLAH TRADE LINKS,KERD002496,ANSCARETELESERVICES,KERD002496,ANS CARE TELE SERVICES,Normal,SMD,KERD003368,ECHO MOBILES MAJEERPALLA,Dealer,A176NM,2,45190
KERR032,BISMILLAH TRADE LINKS,KERD002496,ANSCARETELESERVICES,KERD002496,ANS CARE TELE SERVICES,Normal,SMD,KERD003368,ECHO MOBILES MAJEERPALLA,Dealer,A366EJ,2,65382
KERR032,BISMILLAH TRADE LINKS,KERD002496,ANSCARETELESERVICES,KERD002496,ANS CARE TELE SERVICES,Normal,SMD,KERD003368,ECHO MOBILES MAJEERPALLA,Dealer,A566EG,1,45191
KERR032,BISMILLAH TRADE LINKS,KERD002496,ANSCARETELESERVICES,KERD002496,ANS CARE TELE SERVICES,Normal,SMD,KERD003368,ECHO MOBILES MAJEERPALLA,Dealer,E176BB,1,19999
KERR032,BISMILLAH TRADE LINKS,KERD002496,ANSCARETELESERVICES,KERD002496,ANS CARE TELE SERVICES,Normal,SMD,KERD003368,ECHO MOBILES MAJEERPALLA,Dealer,E566BA,3,83997
KERR032,BISMILLAH TRADE LINKS,KERD002496,ANSCARETELESERVICES,KERD002496,ANS CARE TELE SERVICES,Normal,SMD,KERD003368,ECHO MOBILES MAJEERPALLA,Dealer,S942BC,1,86999
KERR032,BISMILLAH TRADE LINKS,KERD002496,ANSCARETELESERVICES,KERD002496,ANS CARE TELE SERVICES,Normal,SMD,KERD004877,OMAN MOBILE UPPALA,Dealer,A066BD,1,12980
KERR032,BISMILLAH TRADE LINKS,KERD002496,ANSCARETELESERVICES,KERD002496,ANS CARE TELE SERVICES,Normal,SMD,KERD004877,OMAN MOBILE UPPALA,Dealer,A176NL,1,20672
KERR032,BISMILLAH TRADE LINKS,KERD002496,ANSCARETELESERVICES,KERD002496,ANS CARE TELE SERVICES,Normal,SMD,KERD004877,OMAN MOBILE UPPALA,Dealer,A176NN,1,26922
KERR032,BISMILLAH TRADE LINKS,KERD002496,ANSCARETELESERVICES,KERD002496,ANS CARE TELE SERVICES,Normal,SMD,KERD004877,OMAN MOBILE UPPALA,Dealer,A366EJ,1,32691
KERR032,BISMILLAH TRADE LINKS,KERD002496,ANSCARETELESERVICES,KERD002496,ANS CARE TELE SERVICES,Normal,SMD,KERD004877,OMAN MOBILE UPPALA,Dealer,A366EK,2,73076
KERR032,BISMILLAH TRADE LINKS,KERD002496,ANSCARETELESERVICES,KERD002496,ANS CARE TELE SERVICES,Normal,SMD,KERD004877,OMAN MOBILE UPPALA,Dealer,A376ED,1,40384
KERR032,BISMILLAH TRADE LINKS,KERD002496,ANSCARETELESERVICES,KERD002496,ANS CARE TELE SERVICES,Normal,SMD,KERD004877,OMAN MOBILE UPPALA,Dealer,E176BA,1,17999
KERR032,BISMILLAH TRADE LINKS,KERD002496,ANSCARETELESERVICES,KERD002496,ANS CARE TELE SERVICES,Normal,SMD,KERD004877,OMAN MOBILE UPPALA,Dealer,S942BC,1,86999
KERR032,BISMILLAH TRADE LINKS,KERD002496,ANSCARETELESERVICES,KERD002496,ANS CARE TELE SERVICES,Normal,SMD,KERD004877,OMAN MOBILE UPPALA,Dealer,S948BB,1,138999
KERR032,BISMILLAH TRADE LINKS,KERD002496,ANSCARETELESERVICES,KERD002496,ANS CARE TELE SERVICES,Normal,SMD,KERD009356,I PHIX MOBILE STORE,Dealer,A176NL,1,20672
KERR032,BISMILLAH TRADE LINKS,KERD002496,ANSCARETELESERVICES,KERD002496,ANS CARE TELE SERVICES,Normal,SMD,KERD009356,I PHIX MOBILE STORE,Dealer,A376ED,1,40384
KERR032,BISMILLAH TRADE LINKS,KERD002496,ANSCARETELESERVICES,KERD002496,ANS CARE TELE SERVICES,Normal,SMD,KERD009356,I PHIX MOBILE STORE,Dealer,A376EG,2,91344
KERR032,BISMILLAH TRADE LINKS,KERD002496,ANSCARETELESERVICES,KERD002496,ANS CARE TELE SERVICES,Normal,SMD,KERD009356,I PHIX MOBILE STORE,Dealer,A566EG,1,45191
KERR032,BISMILLAH TRADE LINKS,KERD002496,ANSCARETELESERVICES,KERD002496,ANS CARE TELE SERVICES,Normal,SMD,KERD009363,BEST MOBILES,Dealer,A166PH,1,18446
KERR032,BISMILLAH TRADE LINKS,KERD002496,ANSCARETELESERVICES,KERD002496,ANS CARE TELE SERVICES,Normal,SMD,KERD009363,BEST MOBILES,Dealer,A176NL,2,41344
KERR032,BISMILLAH TRADE LINKS,KERD002496,ANSCARETELESERVICES,KERD002496,ANS CARE TELE SERVICES,Normal,SMD,KERD009363,BEST MOBILES,Dealer,E566BB,2,61998
KERR032,BISMILLAH TRADE LINKS,KERD002496,ANSCARETELESERVICES,KERD002496,ANS CARE TELE SERVICES,Normal,SMD,KERD009675,Mobile Point Badiadka,Dealer,A066BD,1,12980
KERR032,BISMILLAH TRADE LINKS,KERD002496,ANSCARETELESERVICES,KERD002496,ANS CARE TELE SERVICES,Normal,SMD,KERD009675,Mobile Point Badiadka,Dealer,A076BB,1,15864
KERR032,BISMILLAH TRADE LINKS,KERD002496,ANSCARETELESERVICES,KERD002496,ANS CARE TELE SERVICES,Normal,SMD,KERD009675,Mobile Point Badiadka,Dealer,A166PB,1,16989
KERR032,BISMILLAH TRADE LINKS,KERD002496,ANSCARETELESERVICES,KERD002496,ANS CARE TELE SERVICES,Normal,SMD,KERD009675,Mobile Point Badiadka,Dealer,A366EK,1,36538
KERR032,BISMILLAH TRADE LINKS,KERD002496,ANSCARETELESERVICES,KERD002496,ANS CARE TELE SERVICES,Normal,SMD,KERD009675,Mobile Point Badiadka,Dealer,E176BA,1,17999
KERR032,BISMILLAH TRADE LINKS,KERD002496,ANSCARETELESERVICES,KERD002496,ANS CARE TELE SERVICES,Normal,SMD,KERD009675,Mobile Point Badiadka,Dealer,E176BB,1,19999
KERR032,BISMILLAH TRADE LINKS,KERD002496,ANSCARETELESERVICES,KERD002496,ANS CARE TELE SERVICES,Normal,SMD,KERD010821,SWEEKAR COMMUNICATIONS,Dealer,A066BD,1,12980
KERR032,BISMILLAH TRADE LINKS,KERD002496,ANSCARETELESERVICES,KERD002496,ANS CARE TELE SERVICES,Normal,SMD,KERD010821,SWEEKAR COMMUNICATIONS,Dealer,A066BG,1,14903
KERR032,BISMILLAH TRADE LINKS,KERD002496,ANSCARETELESERVICES,KERD002496,ANS CARE TELE SERVICES,Normal,SMD,KERD010855,Your choice mobiles,Dealer,A066BG,1,14903
KERR032,BISMILLAH TRADE LINKS,KERD002496,ANSCARETELESERVICES,KERD002496,ANS CARE TELE SERVICES,Normal,SMD,KERD010855,Your choice mobiles,Dealer,A266BK,1,24271
KERR032,BISMILLAH TRADE LINKS,KERD002496,ANSCARETELESERVICES,KERD002496,ANS CARE TELE SERVICES,Normal,SMD,KERD011791,4U MOBILE,Dealer,E176BA,2,35998
KERR032,BISMILLAH TRADE LINKS,KERD002496,ANSCARETELESERVICES,KERD002496,ANS CARE TELE SERVICES,Normal,SMD,KERD012662,PHONIZ,Dealer,A076BC,2,35576
KERR032,BISMILLAH TRADE LINKS,KERD002496,ANSCARETELESERVICES,KERD002496,ANS CARE TELE SERVICES,Normal,SMD,KERD012662,PHONIZ,Dealer,A176NL,2,41344
KERR032,BISMILLAH TRADE LINKS,KERD002496,ANSCARETELESERVICES,KERD002496,ANS CARE TELE SERVICES,Normal,SMD,KERD012662,PHONIZ,Dealer,A176NM,2,45190
KERR032,BISMILLAH TRADE LINKS,KERD002496,ANSCARETELESERVICES,KERD002496,ANS CARE TELE SERVICES,Normal,SMD,KERD012662,PHONIZ,Dealer,A366EJ,1,32691
KERR032,BISMILLAH TRADE LINKS,KERD002496,ANSCARETELESERVICES,KERD002496,ANS CARE TELE SERVICES,Normal,SMD,KERD1446,MOBILE MAGIC UPPALA,Dealer,A066BD,2,25960
KERR032,BISMILLAH TRADE LINKS,KERD002496,ANSCARETELESERVICES,KERD002496,ANS CARE TELE SERVICES,Normal,SMD,KERD1446,MOBILE MAGIC UPPALA,Dealer,A075FD,1,10999
KERR032,BISMILLAH TRADE LINKS,KERD002496,ANSCARETELESERVICES,KERD002496,ANS CARE TELE SERVICES,Normal,SMD,KERD1446,MOBILE MAGIC UPPALA,Dealer,A076BB,3,47592
KERR032,BISMILLAH TRADE LINKS,KERD002496,ANSCARETELESERVICES,KERD002496,ANS CARE TELE SERVICES,Normal,SMD,KERD1446,MOBILE MAGIC UPPALA,Dealer,A076BC,1,17788
KERR032,BISMILLAH TRADE LINKS,KERD002496,ANSCARETELESERVICES,KERD002496,ANS CARE TELE SERVICES,Normal,SMD,KERD1446,MOBILE MAGIC UPPALA,Dealer,A176NM,3,67785
KERR032,BISMILLAH TRADE LINKS,KERD002496,ANSCARETELESERVICES,KERD002496,ANS CARE TELE SERVICES,Normal,SMD,KERD1446,MOBILE MAGIC UPPALA,Dealer,A176NN,1,26922
KERR032,BISMILLAH TRADE LINKS,KERD002496,ANSCARETELESERVICES,KERD002496,ANS CARE TELE SERVICES,Normal,SMD,KERD1446,MOBILE MAGIC UPPALA,Dealer,A366EJ,2,65382
KERR032,BISMILLAH TRADE LINKS,KERD002496,ANSCARETELESERVICES,KERD002496,ANS CARE TELE SERVICES,Normal,SMD,KERD1446,MOBILE MAGIC UPPALA,Dealer,A366EK,1,36538
KERR032,BISMILLAH TRADE LINKS,KERD002496,ANSCARETELESERVICES,KERD002496,ANS CARE TELE SERVICES,Normal,SMD,KERD1446,MOBILE MAGIC UPPALA,Dealer,A376ED,5,201920
KERR032,BISMILLAH TRADE LINKS,KERD002496,ANSCARETELESERVICES,KERD002496,ANS CARE TELE SERVICES,Normal,SMD,KERD1446,MOBILE MAGIC UPPALA,Dealer,A376EG,5,228360
KERR032,BISMILLAH TRADE LINKS,KERD002496,ANSCARETELESERVICES,KERD002496,ANS CARE TELE SERVICES,Normal,SMD,KERD1446,MOBILE MAGIC UPPALA,Dealer,A566EG,1,45191
KERR032,BISMILLAH TRADE LINKS,KERD002496,ANSCARETELESERVICES,KERD002496,ANS CARE TELE SERVICES,Normal,SMD,KERD1446,MOBILE MAGIC UPPALA,Dealer,A576BF,4,219228
KERR032,BISMILLAH TRADE LINKS,KERD002496,ANSCARETELESERVICES,KERD002496,ANS CARE TELE SERVICES,Normal,SMD,KERD1446,MOBILE MAGIC UPPALA,Dealer,A576BG,1,60095
KERR032,BISMILLAH TRADE LINKS,KERD002496,ANSCARETELESERVICES,KERD002496,ANS CARE TELE SERVICES,Normal,SMD,KERD1446,MOBILE MAGIC UPPALA,Dealer,E145FD,1,8999
KERR032,BISMILLAH TRADE LINKS,KERD002496,ANSCARETELESERVICES,KERD002496,ANS CARE TELE SERVICES,Normal,SMD,KERD1446,MOBILE MAGIC UPPALA,Dealer,E176BA,8,143992
KERR032,BISMILLAH TRADE LINKS,KERD002496,ANSCARETELESERVICES,KERD002496,ANS CARE TELE SERVICES,Normal,SMD,KERD1446,MOBILE MAGIC UPPALA,Dealer,E176BB,3,59997
KERR032,BISMILLAH TRADE LINKS,KERD002496,ANSCARETELESERVICES,KERD002496,ANS CARE TELE SERVICES,Normal,SMD,KERD1446,MOBILE MAGIC UPPALA,Dealer,E176BD,1,21999
KERR032,BISMILLAH TRADE LINKS,KERD002496,ANSCARETELESERVICES,KERD002496,ANS CARE TELE SERVICES,Normal,SMD,KERD1446,MOBILE MAGIC UPPALA,Dealer,E556BC,1,29999
KERR032,BISMILLAH TRADE LINKS,KERD002496,ANSCARETELESERVICES,KERD002496,ANS CARE TELE SERVICES,Normal,SMD,KERD1446,MOBILE MAGIC UPPALA,Dealer,E556BD,1,32999
KERR032,BISMILLAH TRADE LINKS,KERD002496,ANSCARETELESERVICES,KERD002496,ANS CARE TELE SERVICES,Normal,SMD,KERD1446,MOBILE MAGIC UPPALA,Dealer,E566BA,7,195993
KERR032,BISMILLAH TRADE LINKS,KERD002496,ANSCARETELESERVICES,KERD002496,ANS CARE TELE SERVICES,Normal,SMD,KERD1446,MOBILE MAGIC UPPALA,Dealer,E566BB,2,61998
KERR032,BISMILLAH TRADE LINKS,KERD002496,ANSCARETELESERVICES,KERD002496,ANS CARE TELE SERVICES,Normal,SMD,KERD1446,MOBILE MAGIC UPPALA,Dealer,M145FD,1,8999
KERR032,BISMILLAH TRADE LINKS,KERD002496,ANSCARETELESERVICES,KERD002496,ANS CARE TELE SERVICES,Normal,SMD,KERD1446,MOBILE MAGIC UPPALA,Dealer,M558BA,2,53998
KERR032,BISMILLAH TRADE LINKS,KERD002496,ANSCARETELESERVICES,KERD002496,ANS CARE TELE SERVICES,Normal,SMD,KERD1446,MOBILE MAGIC UPPALA,Dealer,M566BA,1,27999
KERR032,BISMILLAH TRADE LINKS,KERD002496,ANSCARETELESERVICES,KERD002496,ANS CARE TELE SERVICES,Normal,SMD,KERD1446,MOBILE MAGIC UPPALA,Dealer,R410N,1,4999
KERR032,BISMILLAH TRADE LINKS,KERD002496,ANSCARETELESERVICES,KERD002496,ANS CARE TELE SERVICES,Normal,SMD,KERD1446,MOBILE MAGIC UPPALA,Dealer,S931BB,1,73999
KERR032,BISMILLAH TRADE LINKS,KERD002496,ANSCARETELESERVICES,KERD002496,ANS CARE TELE SERVICES,Normal,SMD,KERD1446,MOBILE MAGIC UPPALA,Dealer,S942BC,1,86999
KERR032,BISMILLAH TRADE LINKS,KERD002496,ANSCARETELESERVICES,KERD002496,ANS CARE TELE SERVICES,Normal,SMD,KERD1446,MOBILE MAGIC UPPALA,Dealer,S948BB,2,277998
KERR032,BISMILLAH TRADE LINKS,KERD002496,ANSCARETELESERVICES,KERD002496,ANS CARE TELE SERVICES,Normal,SMD,KERD4283,galaxy communication badiadka,Dealer,A066BD,1,12980
KERR032,BISMILLAH TRADE LINKS,KERD002496,ANSCARETELESERVICES,KERD002496,ANS CARE TELE SERVICES,Normal,SMD,KERD4283,galaxy communication badiadka,Dealer,A176NL,2,41344
KERR032,BISMILLAH TRADE LINKS,KERD002496,ANSCARETELESERVICES,KERD002496,ANS CARE TELE SERVICES,Normal,SMD,KERD4283,galaxy communication badiadka,Dealer,A176NM,1,22595
KERR032,BISMILLAH TRADE LINKS,KERD002496,ANSCARETELESERVICES,KERD002496,ANS CARE TELE SERVICES,DEMO,SMD,KERD009356,I PHIX MOBILE STORE,Dealer,A166PB,1,16989
KERR032,BISMILLAH TRADE LINKS,KERD002496,ANSCARETELESERVICES,KERD002496,ANS CARE TELE SERVICES,Normal,SMD,KERD00024636,66 Mobiles,Dealer,A076BB,2,31728
KERR032,BISMILLAH TRADE LINKS,KERD002496,ANSCARETELESERVICES,KERD002496,ANS CARE TELE SERVICES,Normal,SMD,KERD00024636,66 Mobiles,Dealer,A076BC,1,17788
KERR032,BISMILLAH TRADE LINKS,KERD002496,ANSCARETELESERVICES,KERD002496,ANS CARE TELE SERVICES,Normal,SMD,KERD00024636,66 Mobiles,Dealer,A176NL,2,41344
KERR032,BISMILLAH TRADE LINKS,KERD002496,ANSCARETELESERVICES,KERD002496,ANS CARE TELE SERVICES,Normal,SMD,KERD00024636,66 Mobiles,Dealer,A366EK,3,109614
KERR032,BISMILLAH TRADE LINKS,KERD002496,ANSCARETELESERVICES,KERD002496,ANS CARE TELE SERVICES,Normal,SMD,KERD00024636,66 Mobiles,Dealer,E176BB,1,19999
KERR032,BISMILLAH TRADE LINKS,KERD002496,ANSCARETELESERVICES,KERD002496,ANS CARE TELE SERVICES,Normal,SMD,KERD00024697,I Max Mobiles Gadgets,Dealer,A076BB,2,31728
KERR032,BISMILLAH TRADE LINKS,KERD002496,ANSCARETELESERVICES,KERD002496,ANS CARE TELE SERVICES,Normal,SMD,KERD00024697,I Max Mobiles Gadgets,Dealer,A176NN,2,53844
KERR032,BISMILLAH TRADE LINKS,KERD002496,ANSCARETELESERVICES,KERD002496,ANS CARE TELE SERVICES,Normal,SMD,KERD00024697,I Max Mobiles Gadgets,Dealer,A376EG,2,91344
KERR032,BISMILLAH TRADE LINKS,KERD002496,ANSCARETELESERVICES,KERD002496,ANS CARE TELE SERVICES,Normal,SMD,KERD00024697,I Max Mobiles Gadgets,Dealer,E176BA,1,17999
KERR032,BISMILLAH TRADE LINKS,KERD002496,ANSCARETELESERVICES,KERD002496,ANS CARE TELE SERVICES,Normal,SMD,KERD00024697,I Max Mobiles Gadgets,Dealer,E176BB,1,19999
KERR032,BISMILLAH TRADE LINKS,KERD002496,ANSCARETELESERVICES,KERD002496,ANS CARE TELE SERVICES,Normal,SMD,KERD001616,CITY CELL UPPALA,Dealer,A076BB,4,63456
KERR032,BISMILLAH TRADE LINKS,KERD002496,ANSCARETELESERVICES,KERD002496,ANS CARE TELE SERVICES,Normal,SMD,KERD001616,CITY CELL UPPALA,Dealer,A076BC,2,35576
KERR032,BISMILLAH TRADE LINKS,KERD002496,ANSCARETELESERVICES,KERD002496,ANS CARE TELE SERVICES,Normal,SMD,KERD001616,CITY CELL UPPALA,Dealer,A176NL,3,62016
KERR032,BISMILLAH TRADE LINKS,KERD002496,ANSCARETELESERVICES,KERD002496,ANS CARE TELE SERVICES,Normal,SMD,KERD001616,CITY CELL UPPALA,Dealer,A176NM,5,112975
KERR032,BISMILLAH TRADE LINKS,KERD002496,ANSCARETELESERVICES,KERD002496,ANS CARE TELE SERVICES,Normal,SMD,KERD001616,CITY CELL UPPALA,Dealer,A376EG,1,45672
KERR032,BISMILLAH TRADE LINKS,KERD002496,ANSCARETELESERVICES,KERD002496,ANS CARE TELE SERVICES,Normal,SMD,KERD001616,CITY CELL UPPALA,Dealer,E176BA,3,53997
KERR032,BISMILLAH TRADE LINKS,KERD002496,ANSCARETELESERVICES,KERD002496,ANS CARE TELE SERVICES,Normal,SMD,KERD001616,CITY CELL UPPALA,Dealer,E176BB,3,59997
KERR032,BISMILLAH TRADE LINKS,KERD002496,ANSCARETELESERVICES,KERD002496,ANS CARE TELE SERVICES,Normal,SMD,KERD001616,CITY CELL UPPALA,Dealer,M145FD,1,8999
KERR032,BISMILLAH TRADE LINKS,KERD002496,ANSCARETELESERVICES,KERD002496,ANS CARE TELE SERVICES,Normal,SMD,KERD001616,CITY CELL UPPALA,Dealer,S942BC,2,173998
KERR032,BISMILLAH TRADE LINKS,KERD002496,ANSCARETELESERVICES,KERD002496,ANS CARE TELE SERVICES,Normal,SMD,KERD001617,MOBILE CAMPUS,Dealer,A066BD,1,12980
KERR032,BISMILLAH TRADE LINKS,KERD002496,ANSCARETELESERVICES,KERD002496,ANS CARE TELE SERVICES,Normal,SMD,KERD001617,MOBILE CAMPUS,Dealer,A066BG,2,29806
KERR032,BISMILLAH TRADE LINKS,KERD002496,ANSCARETELESERVICES,KERD002496,ANS CARE TELE SERVICES,Normal,SMD,KERD001617,MOBILE CAMPUS,Dealer,A076BB,1,15864
KERR032,BISMILLAH TRADE LINKS,KERD002496,ANSCARETELESERVICES,KERD002496,ANS CARE TELE SERVICES,Normal,SMD,KERD001617,MOBILE CAMPUS,Dealer,A076BC,2,35576
KERR032,BISMILLAH TRADE LINKS,KERD002496,ANSCARETELESERVICES,KERD002496,ANS CARE TELE SERVICES,Normal,SMD,KERD001617,MOBILE CAMPUS,Dealer,A176BN,1,26922
KERR032,BISMILLAH TRADE LINKS,KERD002496,ANSCARETELESERVICES,KERD002496,ANS CARE TELE SERVICES,Normal,SMD,KERD001617,MOBILE CAMPUS,Dealer,A176NL,1,20672
KERR032,BISMILLAH TRADE LINKS,KERD002496,ANSCARETELESERVICES,KERD002496,ANS CARE TELE SERVICES,Normal,SMD,KERD001617,MOBILE CAMPUS,Dealer,A376EG,1,45672
KERR032,BISMILLAH TRADE LINKS,KERD002496,ANSCARETELESERVICES,KERD002496,ANS CARE TELE SERVICES,Normal,SMD,KERD001670,MOBILE HUT,Dealer,A076BB,1,15864
KERR032,BISMILLAH TRADE LINKS,KERD002496,ANSCARETELESERVICES,KERD002496,ANS CARE TELE SERVICES,Normal,SMD,KERD001670,MOBILE HUT,Dealer,E176BB,1,19999
KERR032,BISMILLAH TRADE LINKS,KERD002496,ANSCARETELESERVICES,KERD002496,ANS CARE TELE SERVICES,Normal,SMD,KERD002799,G Smart mobile,Dealer,A066BD,6,77880
KERR032,BISMILLAH TRADE LINKS,KERD002496,ANSCARETELESERVICES,KERD002496,ANS CARE TELE SERVICES,Normal,SMD,KERD002799,G Smart mobile,Dealer,A066BG,1,14903
KERR032,BISMILLAH TRADE LINKS,KERD002496,ANSCARETELESERVICES,KERD002496,ANS CARE TELE SERVICES,Normal,SMD,KERD002799,G Smart mobile,Dealer,A075FD,1,10999
KERR032,BISMILLAH TRADE LINKS,KERD002496,ANSCARETELESERVICES,KERD002496,ANS CARE TELE SERVICES,Normal,SMD,KERD002799,G Smart mobile,Dealer,A076BB,10,158640
KERR032,BISMILLAH TRADE LINKS,KERD002496,ANSCARETELESERVICES,KERD002496,ANS CARE TELE SERVICES,Normal,SMD,KERD002799,G Smart mobile,Dealer,A076BC,5,88940
KERR032,BISMILLAH TRADE LINKS,KERD002496,ANSCARETELESERVICES,KERD002496,ANS CARE TELE SERVICES,Normal,SMD,KERD002799,G Smart mobile,Dealer,A176NL,4,82688
KERR032,BISMILLAH TRADE LINKS,KERD002496,ANSCARETELESERVICES,KERD002496,ANS CARE TELE SERVICES,Normal,SMD,KERD002799,G Smart mobile,Dealer,A176NM,1,22595
KERR032,BISMILLAH TRADE LINKS,KERD002496,ANSCARETELESERVICES,KERD002496,ANS CARE TELE SERVICES,Normal,SMD,KERD002799,G Smart mobile,Dealer,A176NN,1,26922
KERR032,BISMILLAH TRADE LINKS,KERD002496,ANSCARETELESERVICES,KERD002496,ANS CARE TELE SERVICES,Normal,SMD,KERD002799,G Smart mobile,Dealer,A366EJ,1,32691
KERR032,BISMILLAH TRADE LINKS,KERD002496,ANSCARETELESERVICES,KERD002496,ANS CARE TELE SERVICES,Normal,SMD,KERD002799,G Smart mobile,Dealer,A366EK,1,36538
KERR032,BISMILLAH TRADE LINKS,KERD002496,ANSCARETELESERVICES,KERD002496,ANS CARE TELE SERVICES,Normal,SMD,KERD002799,G Smart mobile,Dealer,A376EG,2,91344
KERR032,BISMILLAH TRADE LINKS,KERD002496,ANSCARETELESERVICES,KERD002496,ANS CARE TELE SERVICES,Normal,SMD,KERD002799,G Smart mobile,Dealer,A576BF,1,54807
KERR032,BISMILLAH TRADE LINKS,KERD002496,ANSCARETELESERVICES,KERD002496,ANS CARE TELE SERVICES,Normal,SMD,KERD002799,G Smart mobile,Dealer,E176BA,3,53997
KERR032,BISMILLAH TRADE LINKS,KERD002496,ANSCARETELESERVICES,KERD002496,ANS CARE TELE SERVICES,Normal,SMD,KERD002799,G Smart mobile,Dealer,E176BB,2,39998
KERR032,BISMILLAH TRADE LINKS,KERD002496,ANSCARETELESERVICES,KERD002496,ANS CARE TELE SERVICES,Normal,SMD,KERD002799,G Smart mobile,Dealer,E176BD,2,43998
KERR032,BISMILLAH TRADE LINKS,KERD002496,ANSCARETELESERVICES,KERD002496,ANS CARE TELE SERVICES,Normal,SMD,KERD002799,G Smart mobile,Dealer,R410N,1,4999
KERR032,BISMILLAH TRADE LINKS,KERD002496,ANSCARETELESERVICES,KERD002496,ANS CARE TELE SERVICES,Normal,SMD,KERD002799,G Smart mobile,Dealer,S942BC,2,173998
KERR032,BISMILLAH TRADE LINKS,KERD002496,ANSCARETELESERVICES,KERD002496,ANS CARE TELE SERVICES,Normal,SMD,KERD002799,G Smart mobile,Dealer,X135GA,1,18999
KERR032,BISMILLAH TRADE LINKS,KERD002496,ANSCARETELESERVICES,KERD002496,ANS CARE TELE SERVICES,Normal,SMD,KERD002915,ROYAL GIFT,Dealer,A066BD,2,25960
KERR032,BISMILLAH TRADE LINKS,KERD002496,ANSCARETELESERVICES,KERD002496,ANS CARE TELE SERVICES,Normal,SMD,KERD002915,ROYAL GIFT,Dealer,A075FD,1,10999
KERR032,BISMILLAH TRADE LINKS,KERD002496,ANSCARETELESERVICES,KERD002496,ANS CARE TELE SERVICES,Normal,SMD,KERD002915,ROYAL GIFT,Dealer,A076BB,8,126912
KERR032,BISMILLAH TRADE LINKS,KERD002496,ANSCARETELESERVICES,KERD002496,ANS CARE TELE SERVICES,Normal,SMD,KERD002915,ROYAL GIFT,Dealer,A076BC,2,35576
KERR032,BISMILLAH TRADE LINKS,KERD002496,ANSCARETELESERVICES,KERD002496,ANS CARE TELE SERVICES,Normal,SMD,KERD002915,ROYAL GIFT,Dealer,A176NL,3,62016
KERR032,BISMILLAH TRADE LINKS,KERD002496,ANSCARETELESERVICES,KERD002496,ANS CARE TELE SERVICES,Normal,SMD,KERD002915,ROYAL GIFT,Dealer,A176NM,7,158165
KERR032,BISMILLAH TRADE LINKS,KERD002496,ANSCARETELESERVICES,KERD002496,ANS CARE TELE SERVICES,Normal,SMD,KERD002915,ROYAL GIFT,Dealer,A376ED,3,121152
KERR032,BISMILLAH TRADE LINKS,KERD002496,ANSCARETELESERVICES,KERD002496,ANS CARE TELE SERVICES,Normal,SMD,KERD002915,ROYAL GIFT,Dealer,A376EG,6,274032
KERR032,BISMILLAH TRADE LINKS,KERD002496,ANSCARETELESERVICES,KERD002496,ANS CARE TELE SERVICES,Normal,SMD,KERD002915,ROYAL GIFT,Dealer,A576BF,1,54807
KERR032,BISMILLAH TRADE LINKS,KERD002496,ANSCARETELESERVICES,KERD002496,ANS CARE TELE SERVICES,Normal,SMD,KERD002915,ROYAL GIFT,Dealer,A576BG,1,60095
KERR032,BISMILLAH TRADE LINKS,KERD002496,ANSCARETELESERVICES,KERD002496,ANS CARE TELE SERVICES,Normal,SMD,KERD002915,ROYAL GIFT,Dealer,E176BA,2,35998
KERR032,BISMILLAH TRADE LINKS,KERD002496,ANSCARETELESERVICES,KERD002496,ANS CARE TELE SERVICES,Normal,SMD,KERD002915,ROYAL GIFT,Dealer,E176BB,7,139993
KERR032,BISMILLAH TRADE LINKS,KERD002496,ANSCARETELESERVICES,KERD002496,ANS CARE TELE SERVICES,Normal,SMD,KERD002915,ROYAL GIFT,Dealer,E176BD,2,43998
KERR032,BISMILLAH TRADE LINKS,KERD002496,ANSCARETELESERVICES,KERD002496,ANS CARE TELE SERVICES,Normal,SMD,KERD002915,ROYAL GIFT,Dealer,E366BB,1,21999
KERR032,BISMILLAH TRADE LINKS,KERD002496,ANSCARETELESERVICES,KERD002496,ANS CARE TELE SERVICES,Normal,SMD,KERD002915,ROYAL GIFT,Dealer,S942BC,2,173998
KERR032,BISMILLAH TRADE LINKS,KERD002496,ANSCARETELESERVICES,KERD002496,ANS CARE TELE SERVICES,Normal,SMD,KERD002915,ROYAL GIFT,Dealer,S948BB,1,138999
KERR032,BISMILLAH TRADE LINKS,KERD002496,ANSCARETELESERVICES,KERD002496,ANS CARE TELE SERVICES,Normal,SMD,KERD002915,ROYAL GIFT,Dealer,S948BC,1,158999
KERR032,BISMILLAH TRADE LINKS,KERD002496,ANSCARETELESERVICES,KERD002496,ANS CARE TELE SERVICES,Normal,SMD,KERD003336,MOBI TECH HOSANGADY,Dealer,A066BD,4,51920
KERR032,BISMILLAH TRADE LINKS,KERD002496,ANSCARETELESERVICES,KERD002496,ANS CARE TELE SERVICES,Normal,SMD,KERD003336,MOBI TECH HOSANGADY,Dealer,A076BB,4,63456
KERR032,BISMILLAH TRADE LINKS,KERD002496,ANSCARETELESERVICES,KERD002496,ANS CARE TELE SERVICES,Normal,SMD,KERD003336,MOBI TECH HOSANGADY,Dealer,A076BC,3,53364
KERR032,BISMILLAH TRADE LINKS,KERD002496,ANSCARETELESERVICES,KERD002496,ANS CARE TELE SERVICES,Normal,SMD,KERD003336,MOBI TECH HOSANGADY,Dealer,A176NL,2,41344
KERR032,BISMILLAH TRADE LINKS,KERD002496,ANSCARETELESERVICES,KERD002496,ANS CARE TELE SERVICES,Normal,SMD,KERD003336,MOBI TECH HOSANGADY,Dealer,A176NM,4,90380
KERR032,BISMILLAH TRADE LINKS,KERD002496,ANSCARETELESERVICES,KERD002496,ANS CARE TELE SERVICES,Normal,SMD,KERD003336,MOBI TECH HOSANGADY,Dealer,A176NN,1,26922
KERR032,BISMILLAH TRADE LINKS,KERD002496,ANSCARETELESERVICES,KERD002496,ANS CARE TELE SERVICES,Normal,SMD,KERD003336,MOBI TECH HOSANGADY,Dealer,A366EJ,1,32691
KERR032,BISMILLAH TRADE LINKS,KERD002496,ANSCARETELESERVICES,KERD002496,ANS CARE TELE SERVICES,Normal,SMD,KERD003336,MOBI TECH HOSANGADY,Dealer,A366EK,2,73076
KERR032,BISMILLAH TRADE LINKS,KERD002496,ANSCARETELESERVICES,KERD002496,ANS CARE TELE SERVICES,Normal,SMD,KERD003336,MOBI TECH HOSANGADY,Dealer,A376ED,1,40384
KERR032,BISMILLAH TRADE LINKS,KERD002496,ANSCARETELESERVICES,KERD002496,ANS CARE TELE SERVICES,Normal,SMD,KERD003336,MOBI TECH HOSANGADY,Dealer,A376EG,1,45672
KERR032,BISMILLAH TRADE LINKS,KERD002496,ANSCARETELESERVICES,KERD002496,ANS CARE TELE SERVICES,Normal,SMD,KERD003336,MOBI TECH HOSANGADY,Dealer,A576BF,1,54807
KERR032,BISMILLAH TRADE LINKS,KERD002496,ANSCARETELESERVICES,KERD002496,ANS CARE TELE SERVICES,Normal,SMD,KERD003336,MOBI TECH HOSANGADY,Dealer,E176BB,1,19999
KERR032,BISMILLAH TRADE LINKS,KERD002496,ANSCARETELESERVICES,KERD002496,ANS CARE TELE SERVICES,Normal,SMD,KERD003336,MOBI TECH HOSANGADY,Dealer,E176BD,2,43998
KERR032,BISMILLAH TRADE LINKS,KERD002496,ANSCARETELESERVICES,KERD002496,ANS CARE TELE SERVICES,Normal,SMD,KERD003368,ECHO MOBILES MAJEERPALLA,Dealer,A066BG,2,29806
KERR032,BISMILLAH TRADE LINKS,KERD002496,ANSCARETELESERVICES,KERD002496,ANS CARE TELE SERVICES,Normal,SMD,KERD003368,ECHO MOBILES MAJEERPALLA,Dealer,A076BB,2,31728
KERR032,BISMILLAH TRADE LINKS,KERD002496,ANSCARETELESERVICES,KERD002496,ANS CARE TELE SERVICES,Normal,SMD,KERD003368,ECHO MOBILES MAJEERPALLA,Dealer,A076BC,4,71152
KERR032,BISMILLAH TRADE LINKS,KERD002496,ANSCARETELESERVICES,KERD002496,ANS CARE TELE SERVICES,Normal,SMD,KERD003368,ECHO MOBILES MAJEERPALLA,Dealer,A176NL,3,62016
KERR032,BISMILLAH TRADE LINKS,KERD002496,ANSCARETELESERVICES,KERD002496,ANS CARE TELE SERVICES,Normal,SMD,KERD003368,ECHO MOBILES MAJEERPALLA,Dealer,A176NM,1,22595
KERR032,BISMILLAH TRADE LINKS,KERD002496,ANSCARETELESERVICES,KERD002496,ANS CARE TELE SERVICES,Normal,SMD,KERD003368,ECHO MOBILES MAJEERPALLA,Dealer,A176NN,1,26922
KERR032,BISMILLAH TRADE LINKS,KERD002496,ANSCARETELESERVICES,KERD002496,ANS CARE TELE SERVICES,Normal,SMD,KERD003368,ECHO MOBILES MAJEERPALLA,Dealer,A376ED,1,40384
KERR032,BISMILLAH TRADE LINKS,KERD002496,ANSCARETELESERVICES,KERD002496,ANS CARE TELE SERVICES,Normal,SMD,KERD003368,ECHO MOBILES MAJEERPALLA,Dealer,A376EG,1,45672
KERR032,BISMILLAH TRADE LINKS,KERD002496,ANSCARETELESERVICES,KERD002496,ANS CARE TELE SERVICES,Normal,SMD,KERD003368,ECHO MOBILES MAJEERPALLA,Dealer,A566EG,1,45191
KERR032,BISMILLAH TRADE LINKS,KERD002496,ANSCARETELESERVICES,KERD002496,ANS CARE TELE SERVICES,Normal,SMD,KERD003368,ECHO MOBILES MAJEERPALLA,Dealer,A576BF,1,54807
KERR032,BISMILLAH TRADE LINKS,KERD002496,ANSCARETELESERVICES,KERD002496,ANS CARE TELE SERVICES,Normal,SMD,KERD003368,ECHO MOBILES MAJEERPALLA,Dealer,A576BG,1,60095
KERR032,BISMILLAH TRADE LINKS,KERD002496,ANSCARETELESERVICES,KERD002496,ANS CARE TELE SERVICES,Normal,SMD,KERD003368,ECHO MOBILES MAJEERPALLA,Dealer,E176BB,1,19999
KERR032,BISMILLAH TRADE LINKS,KERD002496,ANSCARETELESERVICES,KERD002496,ANS CARE TELE SERVICES,Normal,SMD,KERD003368,ECHO MOBILES MAJEERPALLA,Dealer,E566BA,2,55998
KERR032,BISMILLAH TRADE LINKS,KERD002496,ANSCARETELESERVICES,KERD002496,ANS CARE TELE SERVICES,Normal,SMD,KERD004877,OMAN MOBILE UPPALA,Dealer,A076BC,1,17788
KERR032,BISMILLAH TRADE LINKS,KERD002496,ANSCARETELESERVICES,KERD002496,ANS CARE TELE SERVICES,Normal,SMD,KERD004877,OMAN MOBILE UPPALA,Dealer,A176NL,5,103360
KERR032,BISMILLAH TRADE LINKS,KERD002496,ANSCARETELESERVICES,KERD002496,ANS CARE TELE SERVICES,Normal,SMD,KERD004877,OMAN MOBILE UPPALA,Dealer,A176NM,3,67785
KERR032,BISMILLAH TRADE LINKS,KERD002496,ANSCARETELESERVICES,KERD002496,ANS CARE TELE SERVICES,Normal,SMD,KERD004877,OMAN MOBILE UPPALA,Dealer,A176NN,4,107688
KERR032,BISMILLAH TRADE LINKS,KERD002496,ANSCARETELESERVICES,KERD002496,ANS CARE TELE SERVICES,Normal,SMD,KERD004877,OMAN MOBILE UPPALA,Dealer,A366EK,2,73076
KERR032,BISMILLAH TRADE LINKS,KERD002496,ANSCARETELESERVICES,KERD002496,ANS CARE TELE SERVICES,Normal,SMD,KERD004877,OMAN MOBILE UPPALA,Dealer,A376EG,7,319704
KERR032,BISMILLAH TRADE LINKS,KERD002496,ANSCARETELESERVICES,KERD002496,ANS CARE TELE SERVICES,Normal,SMD,KERD004877,OMAN MOBILE UPPALA,Dealer,A576BF,1,54807
KERR032,BISMILLAH TRADE LINKS,KERD002496,ANSCARETELESERVICES,KERD002496,ANS CARE TELE SERVICES,Normal,SMD,KERD004877,OMAN MOBILE UPPALA,Dealer,E176BA,2,35998
KERR032,BISMILLAH TRADE LINKS,KERD002496,ANSCARETELESERVICES,KERD002496,ANS CARE TELE SERVICES,Normal,SMD,KERD004877,OMAN MOBILE UPPALA,Dealer,E176BB,2,39998
KERR032,BISMILLAH TRADE LINKS,KERD002496,ANSCARETELESERVICES,KERD002496,ANS CARE TELE SERVICES,Normal,SMD,KERD009356,I PHIX MOBILE STORE,Dealer,A176NM,2,45190
KERR032,BISMILLAH TRADE LINKS,KERD002496,ANSCARETELESERVICES,KERD002496,ANS CARE TELE SERVICES,Normal,SMD,KERD009356,I PHIX MOBILE STORE,Dealer,A376ED,1,40384
KERR032,BISMILLAH TRADE LINKS,KERD002496,ANSCARETELESERVICES,KERD002496,ANS CARE TELE SERVICES,Normal,SMD,KERD009356,I PHIX MOBILE STORE,Dealer,A376EH,1,50961
KERR032,BISMILLAH TRADE LINKS,KERD002496,ANSCARETELESERVICES,KERD002496,ANS CARE TELE SERVICES,Normal,SMD,KERD009356,I PHIX MOBILE STORE,Dealer,E176BB,2,39998
KERR032,BISMILLAH TRADE LINKS,KERD002496,ANSCARETELESERVICES,KERD002496,ANS CARE TELE SERVICES,Normal,SMD,KERD009356,I PHIX MOBILE STORE,Dealer,S942BC,2,173998
KERR032,BISMILLAH TRADE LINKS,KERD002496,ANSCARETELESERVICES,KERD002496,ANS CARE TELE SERVICES,Normal,SMD,KERD009363,BEST MOBILES,Dealer,A076BB,2,31728
KERR032,BISMILLAH TRADE LINKS,KERD002496,ANSCARETELESERVICES,KERD002496,ANS CARE TELE SERVICES,Normal,SMD,KERD009363,BEST MOBILES,Dealer,A076BC,1,17788
KERR032,BISMILLAH TRADE LINKS,KERD002496,ANSCARETELESERVICES,KERD002496,ANS CARE TELE SERVICES,Normal,SMD,KERD009363,BEST MOBILES,Dealer,A176NL,1,20672
KERR032,BISMILLAH TRADE LINKS,KERD002496,ANSCARETELESERVICES,KERD002496,ANS CARE TELE SERVICES,Normal,SMD,KERD009363,BEST MOBILES,Dealer,A176NM,2,45190
KERR032,BISMILLAH TRADE LINKS,KERD002496,ANSCARETELESERVICES,KERD002496,ANS CARE TELE SERVICES,Normal,SMD,KERD009363,BEST MOBILES,Dealer,E176BA,1,17999
KERR032,BISMILLAH TRADE LINKS,KERD002496,ANSCARETELESERVICES,KERD002496,ANS CARE TELE SERVICES,Normal,SMD,KERD009675,Mobile Point Badiadka,Dealer,A076BB,2,31728
KERR032,BISMILLAH TRADE LINKS,KERD002496,ANSCARETELESERVICES,KERD002496,ANS CARE TELE SERVICES,Normal,SMD,KERD009675,Mobile Point Badiadka,Dealer,A176NL,1,20672
KERR032,BISMILLAH TRADE LINKS,KERD002496,ANSCARETELESERVICES,KERD002496,ANS CARE TELE SERVICES,Normal,SMD,KERD009675,Mobile Point Badiadka,Dealer,A176NM,2,45190
KERR032,BISMILLAH TRADE LINKS,KERD002496,ANSCARETELESERVICES,KERD002496,ANS CARE TELE SERVICES,Normal,SMD,KERD009675,Mobile Point Badiadka,Dealer,A366EJ,1,32691
KERR032,BISMILLAH TRADE LINKS,KERD002496,ANSCARETELESERVICES,KERD002496,ANS CARE TELE SERVICES,Normal,SMD,KERD009675,Mobile Point Badiadka,Dealer,E176BA,2,35998
KERR032,BISMILLAH TRADE LINKS,KERD002496,ANSCARETELESERVICES,KERD002496,ANS CARE TELE SERVICES,Normal,SMD,KERD009675,Mobile Point Badiadka,Dealer,E176BB,1,19999
KERR032,BISMILLAH TRADE LINKS,KERD002496,ANSCARETELESERVICES,KERD002496,ANS CARE TELE SERVICES,Normal,SMD,KERD011791,4U MOBILE,Dealer,A176NM,1,22595
KERR032,BISMILLAH TRADE LINKS,KERD002496,ANSCARETELESERVICES,KERD002496,ANS CARE TELE SERVICES,Normal,SMD,KERD011791,4U MOBILE,Dealer,E176BA,1,17999
KERR032,BISMILLAH TRADE LINKS,KERD002496,ANSCARETELESERVICES,KERD002496,ANS CARE TELE SERVICES,Normal,SMD,KERD012662,PHONIZ,Dealer,A076BC,1,17788
KERR032,BISMILLAH TRADE LINKS,KERD002496,ANSCARETELESERVICES,KERD002496,ANS CARE TELE SERVICES,Normal,SMD,KERD1446,MOBILE MAGIC UPPALA,Dealer,A076BB,1,15864
KERR032,BISMILLAH TRADE LINKS,KERD002496,ANSCARETELESERVICES,KERD002496,ANS CARE TELE SERVICES,Normal,SMD,KERD1446,MOBILE MAGIC UPPALA,Dealer,A076BC,1,17788
KERR032,BISMILLAH TRADE LINKS,KERD002496,ANSCARETELESERVICES,KERD002496,ANS CARE TELE SERVICES,Normal,SMD,KERD1446,MOBILE MAGIC UPPALA,Dealer,A176NM,2,45190
KERR032,BISMILLAH TRADE LINKS,KERD002496,ANSCARETELESERVICES,KERD002496,ANS CARE TELE SERVICES,Normal,SMD,KERD1446,MOBILE MAGIC UPPALA,Dealer,A366EK,1,36538
KERR032,BISMILLAH TRADE LINKS,KERD002496,ANSCARETELESERVICES,KERD002496,ANS CARE TELE SERVICES,Normal,SMD,KERD1446,MOBILE MAGIC UPPALA,Dealer,A376ED,6,242304
KERR032,BISMILLAH TRADE LINKS,KERD002496,ANSCARETELESERVICES,KERD002496,ANS CARE TELE SERVICES,Normal,SMD,KERD1446,MOBILE MAGIC UPPALA,Dealer,A376EG,3,137016
KERR032,BISMILLAH TRADE LINKS,KERD002496,ANSCARETELESERVICES,KERD002496,ANS CARE TELE SERVICES,Normal,SMD,KERD1446,MOBILE MAGIC UPPALA,Dealer,A576BF,2,109614
KERR032,BISMILLAH TRADE LINKS,KERD002496,ANSCARETELESERVICES,KERD002496,ANS CARE TELE SERVICES,Normal,SMD,KERD1446,MOBILE MAGIC UPPALA,Dealer,A576BG,4,240380
KERR032,BISMILLAH TRADE LINKS,KERD002496,ANSCARETELESERVICES,KERD002496,ANS CARE TELE SERVICES,Normal,SMD,KERD1446,MOBILE MAGIC UPPALA,Dealer,E076BA,1,15499
KERR032,BISMILLAH TRADE LINKS,KERD002496,ANSCARETELESERVICES,KERD002496,ANS CARE TELE SERVICES,Normal,SMD,KERD1446,MOBILE MAGIC UPPALA,Dealer,E135FD,2,23998
KERR032,BISMILLAH TRADE LINKS,KERD002496,ANSCARETELESERVICES,KERD002496,ANS CARE TELE SERVICES,Normal,SMD,KERD1446,MOBILE MAGIC UPPALA,Dealer,E176BA,6,107994
KERR032,BISMILLAH TRADE LINKS,KERD002496,ANSCARETELESERVICES,KERD002496,ANS CARE TELE SERVICES,Normal,SMD,KERD1446,MOBILE MAGIC UPPALA,Dealer,E176BB,5,99995
KERR032,BISMILLAH TRADE LINKS,KERD002496,ANSCARETELESERVICES,KERD002496,ANS CARE TELE SERVICES,Normal,SMD,KERD1446,MOBILE MAGIC UPPALA,Dealer,E176BD,3,65997
KERR032,BISMILLAH TRADE LINKS,KERD002496,ANSCARETELESERVICES,KERD002496,ANS CARE TELE SERVICES,Normal,SMD,KERD1446,MOBILE MAGIC UPPALA,Dealer,E556BA,1,26999
KERR032,BISMILLAH TRADE LINKS,KERD002496,ANSCARETELESERVICES,KERD002496,ANS CARE TELE SERVICES,Normal,SMD,KERD1446,MOBILE MAGIC UPPALA,Dealer,E556BC,1,29999
KERR032,BISMILLAH TRADE LINKS,KERD002496,ANSCARETELESERVICES,KERD002496,ANS CARE TELE SERVICES,Normal,SMD,KERD1446,MOBILE MAGIC UPPALA,Dealer,E556BD,3,98997
KERR032,BISMILLAH TRADE LINKS,KERD002496,ANSCARETELESERVICES,KERD002496,ANS CARE TELE SERVICES,Normal,SMD,KERD1446,MOBILE MAGIC UPPALA,Dealer,E566BA,3,83997
KERR032,BISMILLAH TRADE LINKS,KERD002496,ANSCARETELESERVICES,KERD002496,ANS CARE TELE SERVICES,Normal,SMD,KERD1446,MOBILE MAGIC UPPALA,Dealer,M356BD,3,64497
KERR032,BISMILLAH TRADE LINKS,KERD002496,ANSCARETELESERVICES,KERD002496,ANS CARE TELE SERVICES,Normal,SMD,KERD1446,MOBILE MAGIC UPPALA,Dealer,R410N,1,4999
KERR032,BISMILLAH TRADE LINKS,KERD002496,ANSCARETELESERVICES,KERD002496,ANS CARE TELE SERVICES,Normal,SMD,KERD1446,MOBILE MAGIC UPPALA,Dealer,S731BH,1,76999
KERR032,BISMILLAH TRADE LINKS,KERD002496,ANSCARETELESERVICES,KERD002496,ANS CARE TELE SERVICES,Normal,SMD,KERD1446,MOBILE MAGIC UPPALA,Dealer,S931BC,1,79999
KERR032,BISMILLAH TRADE LINKS,KERD002496,ANSCARETELESERVICES,KERD002496,ANS CARE TELE SERVICES,Normal,SMD,KERD1446,MOBILE MAGIC UPPALA,Dealer,S942BC,3,260997
KERR032,BISMILLAH TRADE LINKS,KERD002496,ANSCARETELESERVICES,KERD002496,ANS CARE TELE SERVICES,Normal,SMD,KERD1446,MOBILE MAGIC UPPALA,Dealer,S948BB,1,138999
KERR032,BISMILLAH TRADE LINKS,KERD002496,ANSCARETELESERVICES,KERD002496,ANS CARE TELE SERVICES,Normal,SMD,KERD1446,MOBILE MAGIC UPPALA,Dealer,X236BA,2,63998
KERR032,BISMILLAH TRADE LINKS,KERD002496,ANSCARETELESERVICES,KERD002496,ANS CARE TELE SERVICES,Normal,SMD,KERD4283,galaxy communication badiadka,Dealer,A076BC,1,17788
KERR032,BISMILLAH TRADE LINKS,KERD002496,ANSCARETELESERVICES,KERD002496,ANS CARE TELE SERVICES,Normal,SMD,KERD4283,galaxy communication badiadka,Dealer,A176NL,1,20672
KERR032,BISMILLAH TRADE LINKS,KERD002496,ANSCARETELESERVICES,KERD002496,ANS CARE TELE SERVICES,Normal,SMD,KERD4283,galaxy communication badiadka,Dealer,E176BA,2,35998
KERR032,BISMILLAH TRADE LINKS,KERD002496,ANSCARETELESERVICES,KERD002496,ANS CARE TELE SERVICES,Normal,SMD,KERD4283,galaxy communication badiadka,Dealer,E176BD,1,21999
KERR032,BISMILLAH TRADE LINKS,KERD002496,ANSCARETELESERVICES,KERD002496,ANS CARE TELE SERVICES,Normal,SMD,KERD00024636,66 Mobiles,Dealer,A076BB,3,49035
KERR032,BISMILLAH TRADE LINKS,KERD002496,ANSCARETELESERVICES,KERD002496,ANS CARE TELE SERVICES,Normal,SMD,KERD00024636,66 Mobiles,Dealer,A176NL,2,43268
KERR032,BISMILLAH TRADE LINKS,KERD002496,ANSCARETELESERVICES,KERD002496,ANS CARE TELE SERVICES,Normal,SMD,KERD00024636,66 Mobiles,Dealer,A176NM,1,23557
KERR032,BISMILLAH TRADE LINKS,KERD002496,ANSCARETELESERVICES,KERD002496,ANS CARE TELE SERVICES,Normal,SMD,KERD00024636,66 Mobiles,Dealer,A366EK,3,109614
KERR032,BISMILLAH TRADE LINKS,KERD002496,ANSCARETELESERVICES,KERD002496,ANS CARE TELE SERVICES,Normal,SMD,KERD00024636,66 Mobiles,Dealer,E176BA,1,18999
KERR032,BISMILLAH TRADE LINKS,KERD002496,ANSCARETELESERVICES,KERD002496,ANS CARE TELE SERVICES,Normal,SMD,KERD00024636,66 Mobiles,Dealer,E176BB,4,83996
KERR032,BISMILLAH TRADE LINKS,KERD002496,ANSCARETELESERVICES,KERD002496,ANS CARE TELE SERVICES,Normal,SMD,KERD00024697,I Max Mobiles Gadgets,Dealer,A076BC,2,36536
KERR032,BISMILLAH TRADE LINKS,KERD002496,ANSCARETELESERVICES,KERD002496,ANS CARE TELE SERVICES,Normal,SMD,KERD00024697,I Max Mobiles Gadgets,Dealer,A176NL,2,43268
KERR032,BISMILLAH TRADE LINKS,KERD002496,ANSCARETELESERVICES,KERD002496,ANS CARE TELE SERVICES,Normal,SMD,KERD00024697,I Max Mobiles Gadgets,Dealer,A176NN,1,27884
KERR032,BISMILLAH TRADE LINKS,KERD002496,ANSCARETELESERVICES,KERD002496,ANS CARE TELE SERVICES,Normal,SMD,KERD00024697,I Max Mobiles Gadgets,Dealer,A366EJ,1,32691
KERR032,BISMILLAH TRADE LINKS,KERD002496,ANSCARETELESERVICES,KERD002496,ANS CARE TELE SERVICES,Normal,SMD,KERD00024697,I Max Mobiles Gadgets,Dealer,A376EG,1,45672
KERR032,BISMILLAH TRADE LINKS,KERD002496,ANSCARETELESERVICES,KERD002496,ANS CARE TELE SERVICES,Normal,SMD,KERD00024697,I Max Mobiles Gadgets,Dealer,E176BA,1,18999
KERR032,BISMILLAH TRADE LINKS,KERD002496,ANSCARETELESERVICES,KERD002496,ANS CARE TELE SERVICES,Normal,SMD,KERD001614,GM NEERCHAL,Dealer,A076BB,1,16345
KERR032,BISMILLAH TRADE LINKS,KERD002496,ANSCARETELESERVICES,KERD002496,ANS CARE TELE SERVICES,Normal,SMD,KERD001614,GM NEERCHAL,Dealer,A076BC,3,54804
KERR032,BISMILLAH TRADE LINKS,KERD002496,ANSCARETELESERVICES,KERD002496,ANS CARE TELE SERVICES,Normal,SMD,KERD001614,GM NEERCHAL,Dealer,E176BB,2,41998
KERR032,BISMILLAH TRADE LINKS,KERD002496,ANSCARETELESERVICES,KERD002496,ANS CARE TELE SERVICES,Normal,SMD,KERD001616,CITY CELL UPPALA,Dealer,A076BB,2,32690
KERR032,BISMILLAH TRADE LINKS,KERD002496,ANSCARETELESERVICES,KERD002496,ANS CARE TELE SERVICES,Normal,SMD,KERD001616,CITY CELL UPPALA,Dealer,A076BC,3,54804
KERR032,BISMILLAH TRADE LINKS,KERD002496,ANSCARETELESERVICES,KERD002496,ANS CARE TELE SERVICES,Normal,SMD,KERD001616,CITY CELL UPPALA,Dealer,A176NM,1,23557
KERR032,BISMILLAH TRADE LINKS,KERD002496,ANSCARETELESERVICES,KERD002496,ANS CARE TELE SERVICES,Normal,SMD,KERD001616,CITY CELL UPPALA,Dealer,A366EK,1,36538
KERR032,BISMILLAH TRADE LINKS,KERD002496,ANSCARETELESERVICES,KERD002496,ANS CARE TELE SERVICES,Normal,SMD,KERD001616,CITY CELL UPPALA,Dealer,A376EG,2,91344
KERR032,BISMILLAH TRADE LINKS,KERD002496,ANSCARETELESERVICES,KERD002496,ANS CARE TELE SERVICES,Normal,SMD,KERD001616,CITY CELL UPPALA,Dealer,A576BF,1,54807
KERR032,BISMILLAH TRADE LINKS,KERD002496,ANSCARETELESERVICES,KERD002496,ANS CARE TELE SERVICES,Normal,SMD,KERD001616,CITY CELL UPPALA,Dealer,E176BA,1,18999
KERR032,BISMILLAH TRADE LINKS,KERD002496,ANSCARETELESERVICES,KERD002496,ANS CARE TELE SERVICES,Normal,SMD,KERD001616,CITY CELL UPPALA,Dealer,E176BB,2,41998
KERR032,BISMILLAH TRADE LINKS,KERD002496,ANSCARETELESERVICES,KERD002496,ANS CARE TELE SERVICES,Normal,SMD,KERD001616,CITY CELL UPPALA,Dealer,X135GE,1,25999
KERR032,BISMILLAH TRADE LINKS,KERD002496,ANSCARETELESERVICES,KERD002496,ANS CARE TELE SERVICES,Normal,SMD,KERD001617,MOBILE CAMPUS,Dealer,A066BD,1,13461
KERR032,BISMILLAH TRADE LINKS,KERD002496,ANSCARETELESERVICES,KERD002496,ANS CARE TELE SERVICES,Normal,SMD,KERD001617,MOBILE CAMPUS,Dealer,A066BG,3,46152
KERR032,BISMILLAH TRADE LINKS,KERD002496,ANSCARETELESERVICES,KERD002496,ANS CARE TELE SERVICES,Normal,SMD,KERD001617,MOBILE CAMPUS,Dealer,A076BB,2,32690
KERR032,BISMILLAH TRADE LINKS,KERD002496,ANSCARETELESERVICES,KERD002496,ANS CARE TELE SERVICES,Normal,SMD,KERD001617,MOBILE CAMPUS,Dealer,A076BC,1,18268
KERR032,BISMILLAH TRADE LINKS,KERD002496,ANSCARETELESERVICES,KERD002496,ANS CARE TELE SERVICES,Normal,SMD,KERD001617,MOBILE CAMPUS,Dealer,A176NL,1,21634
KERR032,BISMILLAH TRADE LINKS,KERD002496,ANSCARETELESERVICES,KERD002496,ANS CARE TELE SERVICES,Normal,SMD,KERD001617,MOBILE CAMPUS,Dealer,A176NN,1,27884
KERR032,BISMILLAH TRADE LINKS,KERD002496,ANSCARETELESERVICES,KERD002496,ANS CARE TELE SERVICES,Normal,SMD,KERD001617,MOBILE CAMPUS,Dealer,A576BF,1,54807
KERR032,BISMILLAH TRADE LINKS,KERD002496,ANSCARETELESERVICES,KERD002496,ANS CARE TELE SERVICES,Normal,SMD,KERD001617,MOBILE CAMPUS,Dealer,E176BA,1,18999
KERR032,BISMILLAH TRADE LINKS,KERD002496,ANSCARETELESERVICES,KERD002496,ANS CARE TELE SERVICES,Normal,SMD,KERD001670,MOBILE HUT,Dealer,A076BB,1,16345
KERR032,BISMILLAH TRADE LINKS,KERD002496,ANSCARETELESERVICES,KERD002496,ANS CARE TELE SERVICES,Normal,SMD,KERD001670,MOBILE HUT,Dealer,A076BC,1,18268
KERR032,BISMILLAH TRADE LINKS,KERD002496,ANSCARETELESERVICES,KERD002496,ANS CARE TELE SERVICES,Normal,SMD,KERD001670,MOBILE HUT,Dealer,A176BM,1,22595
KERR032,BISMILLAH TRADE LINKS,KERD002496,ANSCARETELESERVICES,KERD002496,ANS CARE TELE SERVICES,Normal,SMD,KERD001670,MOBILE HUT,Dealer,A176NL,1,21634
KERR032,BISMILLAH TRADE LINKS,KERD002496,ANSCARETELESERVICES,KERD002496,ANS CARE TELE SERVICES,Normal,SMD,KERD001670,MOBILE HUT,Dealer,E176BA,1,18999
KERR032,BISMILLAH TRADE LINKS,KERD002496,ANSCARETELESERVICES,KERD002496,ANS CARE TELE SERVICES,Normal,SMD,KERD002799,G Smart mobile,Dealer,A047FG,1,13106
KERR032,BISMILLAH TRADE LINKS,KERD002496,ANSCARETELESERVICES,KERD002496,ANS CARE TELE SERVICES,Normal,SMD,KERD002799,G Smart mobile,Dealer,A066BD,2,26922
KERR032,BISMILLAH TRADE LINKS,KERD002496,ANSCARETELESERVICES,KERD002496,ANS CARE TELE SERVICES,Normal,SMD,KERD002799,G Smart mobile,Dealer,A066BG,2,30768
KERR032,BISMILLAH TRADE LINKS,KERD002496,ANSCARETELESERVICES,KERD002496,ANS CARE TELE SERVICES,Normal,SMD,KERD002799,G Smart mobile,Dealer,A075FD,4,43996
KERR032,BISMILLAH TRADE LINKS,KERD002496,ANSCARETELESERVICES,KERD002496,ANS CARE TELE SERVICES,Normal,SMD,KERD002799,G Smart mobile,Dealer,A076BB,6,98070
KERR032,BISMILLAH TRADE LINKS,KERD002496,ANSCARETELESERVICES,KERD002496,ANS CARE TELE SERVICES,Normal,SMD,KERD002799,G Smart mobile,Dealer,A176NL,4,86536
KERR032,BISMILLAH TRADE LINKS,KERD002496,ANSCARETELESERVICES,KERD002496,ANS CARE TELE SERVICES,Normal,SMD,KERD002799,G Smart mobile,Dealer,A176NM,3,70671
KERR032,BISMILLAH TRADE LINKS,KERD002496,ANSCARETELESERVICES,KERD002496,ANS CARE TELE SERVICES,Normal,SMD,KERD002799,G Smart mobile,Dealer,A176NN,3,83652
KERR032,BISMILLAH TRADE LINKS,KERD002496,ANSCARETELESERVICES,KERD002496,ANS CARE TELE SERVICES,Normal,SMD,KERD002799,G Smart mobile,Dealer,A366EJ,1,32691
KERR032,BISMILLAH TRADE LINKS,KERD002496,ANSCARETELESERVICES,KERD002496,ANS CARE TELE SERVICES,Normal,SMD,KERD002799,G Smart mobile,Dealer,A366EK,1,36538
KERR032,BISMILLAH TRADE LINKS,KERD002496,ANSCARETELESERVICES,KERD002496,ANS CARE TELE SERVICES,Normal,SMD,KERD002799,G Smart mobile,Dealer,A376ED,1,40384
KERR032,BISMILLAH TRADE LINKS,KERD002496,ANSCARETELESERVICES,KERD002496,ANS CARE TELE SERVICES,Normal,SMD,KERD002799,G Smart mobile,Dealer,A376EG,5,228360
KERR032,BISMILLAH TRADE LINKS,KERD002496,ANSCARETELESERVICES,KERD002496,ANS CARE TELE SERVICES,Normal,SMD,KERD002799,G Smart mobile,Dealer,A576BF,1,54807
KERR032,BISMILLAH TRADE LINKS,KERD002496,ANSCARETELESERVICES,KERD002496,ANS CARE TELE SERVICES,Normal,SMD,KERD002799,G Smart mobile,Dealer,E076BA,1,15499
KERR032,BISMILLAH TRADE LINKS,KERD002496,ANSCARETELESERVICES,KERD002496,ANS CARE TELE SERVICES,Normal,SMD,KERD002799,G Smart mobile,Dealer,E176BA,2,37998
KERR032,BISMILLAH TRADE LINKS,KERD002496,ANSCARETELESERVICES,KERD002496,ANS CARE TELE SERVICES,Normal,SMD,KERD002799,G Smart mobile,Dealer,E176BB,2,41998
KERR032,BISMILLAH TRADE LINKS,KERD002496,ANSCARETELESERVICES,KERD002496,ANS CARE TELE SERVICES,Normal,SMD,KERD002799,G Smart mobile,Dealer,E176BD,1,22999
KERR032,BISMILLAH TRADE LINKS,KERD002496,ANSCARETELESERVICES,KERD002496,ANS CARE TELE SERVICES,Normal,SMD,KERD002799,G Smart mobile,Dealer,R410N,1,4999
KERR032,BISMILLAH TRADE LINKS,KERD002496,ANSCARETELESERVICES,KERD002496,ANS CARE TELE SERVICES,Normal,SMD,KERD002799,G Smart mobile,Dealer,S948BB,1,138999
KERR032,BISMILLAH TRADE LINKS,KERD002496,ANSCARETELESERVICES,KERD002496,ANS CARE TELE SERVICES,Normal,SMD,KERD002799,G Smart mobile,Dealer,X135GA,1,18999
KERR032,BISMILLAH TRADE LINKS,KERD002496,ANSCARETELESERVICES,KERD002496,ANS CARE TELE SERVICES,Normal,SMD,KERD002915,ROYAL GIFT,Dealer,A075FD,5,54995
KERR032,BISMILLAH TRADE LINKS,KERD002496,ANSCARETELESERVICES,KERD002496,ANS CARE TELE SERVICES,Normal,SMD,KERD002915,ROYAL GIFT,Dealer,A076BB,5,81725
KERR032,BISMILLAH TRADE LINKS,KERD002496,ANSCARETELESERVICES,KERD002496,ANS CARE TELE SERVICES,Normal,SMD,KERD002915,ROYAL GIFT,Dealer,A076BC,1,18268
KERR032,BISMILLAH TRADE LINKS,KERD002496,ANSCARETELESERVICES,KERD002496,ANS CARE TELE SERVICES,Normal,SMD,KERD002915,ROYAL GIFT,Dealer,A176NL,1,21634
KERR032,BISMILLAH TRADE LINKS,KERD002496,ANSCARETELESERVICES,KERD002496,ANS CARE TELE SERVICES,Normal,SMD,KERD002915,ROYAL GIFT,Dealer,A176NM,2,47114
KERR032,BISMILLAH TRADE LINKS,KERD002496,ANSCARETELESERVICES,KERD002496,ANS CARE TELE SERVICES,Normal,SMD,KERD002915,ROYAL GIFT,Dealer,A176NN,3,83652
KERR032,BISMILLAH TRADE LINKS,KERD002496,ANSCARETELESERVICES,KERD002496,ANS CARE TELE SERVICES,Normal,SMD,KERD002915,ROYAL GIFT,Dealer,A366EJ,1,32691
KERR032,BISMILLAH TRADE LINKS,KERD002496,ANSCARETELESERVICES,KERD002496,ANS CARE TELE SERVICES,Normal,SMD,KERD002915,ROYAL GIFT,Dealer,A376ED,4,161536
KERR032,BISMILLAH TRADE LINKS,KERD002496,ANSCARETELESERVICES,KERD002496,ANS CARE TELE SERVICES,Normal,SMD,KERD002915,ROYAL GIFT,Dealer,A376EG,4,182688
KERR032,BISMILLAH TRADE LINKS,KERD002496,ANSCARETELESERVICES,KERD002496,ANS CARE TELE SERVICES,Normal,SMD,KERD002915,ROYAL GIFT,Dealer,A576BF,2,109614
KERR032,BISMILLAH TRADE LINKS,KERD002496,ANSCARETELESERVICES,KERD002496,ANS CARE TELE SERVICES,Normal,SMD,KERD002915,ROYAL GIFT,Dealer,E176BA,3,56997
KERR032,BISMILLAH TRADE LINKS,KERD002496,ANSCARETELESERVICES,KERD002496,ANS CARE TELE SERVICES,Normal,SMD,KERD002915,ROYAL GIFT,Dealer,E176BB,7,146993
KERR032,BISMILLAH TRADE LINKS,KERD002496,ANSCARETELESERVICES,KERD002496,ANS CARE TELE SERVICES,Normal,SMD,KERD002915,ROYAL GIFT,Dealer,E176BD,1,22999
KERR032,BISMILLAH TRADE LINKS,KERD002496,ANSCARETELESERVICES,KERD002496,ANS CARE TELE SERVICES,Normal,SMD,KERD002915,ROYAL GIFT,Dealer,R410N,3,14997
KERR032,BISMILLAH TRADE LINKS,KERD002496,ANSCARETELESERVICES,KERD002496,ANS CARE TELE SERVICES,Normal,SMD,KERD002915,ROYAL GIFT,Dealer,S942BC,3,260997
KERR032,BISMILLAH TRADE LINKS,KERD002496,ANSCARETELESERVICES,KERD002496,ANS CARE TELE SERVICES,Normal,SMD,KERD003336,MOBI TECH HOSANGADY,Dealer,A075FD,1,10999
KERR032,BISMILLAH TRADE LINKS,KERD002496,ANSCARETELESERVICES,KERD002496,ANS CARE TELE SERVICES,Normal,SMD,KERD003336,MOBI TECH HOSANGADY,Dealer,A076BB,6,98070
KERR032,BISMILLAH TRADE LINKS,KERD002496,ANSCARETELESERVICES,KERD002496,ANS CARE TELE SERVICES,Normal,SMD,KERD003336,MOBI TECH HOSANGADY,Dealer,A076BC,3,54804
KERR032,BISMILLAH TRADE LINKS,KERD002496,ANSCARETELESERVICES,KERD002496,ANS CARE TELE SERVICES,Normal,SMD,KERD003336,MOBI TECH HOSANGADY,Dealer,A176NL,3,64902
KERR032,BISMILLAH TRADE LINKS,KERD002496,ANSCARETELESERVICES,KERD002496,ANS CARE TELE SERVICES,Normal,SMD,KERD003336,MOBI TECH HOSANGADY,Dealer,A176NM,2,47114
KERR032,BISMILLAH TRADE LINKS,KERD002496,ANSCARETELESERVICES,KERD002496,ANS CARE TELE SERVICES,Normal,SMD,KERD003336,MOBI TECH HOSANGADY,Dealer,A176NN,2,55768
KERR032,BISMILLAH TRADE LINKS,KERD002496,ANSCARETELESERVICES,KERD002496,ANS CARE TELE SERVICES,Normal,SMD,KERD003336,MOBI TECH HOSANGADY,Dealer,A366EJ,2,65382
KERR032,BISMILLAH TRADE LINKS,KERD002496,ANSCARETELESERVICES,KERD002496,ANS CARE TELE SERVICES,Normal,SMD,KERD003336,MOBI TECH HOSANGADY,Dealer,A366EK,1,36538
KERR032,BISMILLAH TRADE LINKS,KERD002496,ANSCARETELESERVICES,KERD002496,ANS CARE TELE SERVICES,Normal,SMD,KERD003336,MOBI TECH HOSANGADY,Dealer,A376EG,1,45672
KERR032,BISMILLAH TRADE LINKS,KERD002496,ANSCARETELESERVICES,KERD002496,ANS CARE TELE SERVICES,Normal,SMD,KERD003336,MOBI TECH HOSANGADY,Dealer,A566EG,1,45191
KERR032,BISMILLAH TRADE LINKS,KERD002496,ANSCARETELESERVICES,KERD002496,ANS CARE TELE SERVICES,Normal,SMD,KERD003336,MOBI TECH HOSANGADY,Dealer,E176BA,3,56997
KERR032,BISMILLAH TRADE LINKS,KERD002496,ANSCARETELESERVICES,KERD002496,ANS CARE TELE SERVICES,Normal,SMD,KERD003336,MOBI TECH HOSANGADY,Dealer,E176BB,3,62997
KERR032,BISMILLAH TRADE LINKS,KERD002496,ANSCARETELESERVICES,KERD002496,ANS CARE TELE SERVICES,Normal,SMD,KERD003336,MOBI TECH HOSANGADY,Dealer,E176BD,3,68997
KERR032,BISMILLAH TRADE LINKS,KERD002496,ANSCARETELESERVICES,KERD002496,ANS CARE TELE SERVICES,Normal,SMD,KERD003336,MOBI TECH HOSANGADY,Dealer,S942BC,1,86999
KERR032,BISMILLAH TRADE LINKS,KERD002496,ANSCARETELESERVICES,KERD002496,ANS CARE TELE SERVICES,Normal,SMD,KERD003368,ECHO MOBILES MAJEERPALLA,Dealer,A075FD,1,10999
KERR032,BISMILLAH TRADE LINKS,KERD002496,ANSCARETELESERVICES,KERD002496,ANS CARE TELE SERVICES,Normal,SMD,KERD003368,ECHO MOBILES MAJEERPALLA,Dealer,A076BB,1,16345
KERR032,BISMILLAH TRADE LINKS,KERD002496,ANSCARETELESERVICES,KERD002496,ANS CARE TELE SERVICES,Normal,SMD,KERD003368,ECHO MOBILES MAJEERPALLA,Dealer,A076BC,3,54804
KERR032,BISMILLAH TRADE LINKS,KERD002496,ANSCARETELESERVICES,KERD002496,ANS CARE TELE SERVICES,Normal,SMD,KERD003368,ECHO MOBILES MAJEERPALLA,Dealer,A176NM,3,70671
KERR032,BISMILLAH TRADE LINKS,KERD002496,ANSCARETELESERVICES,KERD002496,ANS CARE TELE SERVICES,Normal,SMD,KERD003368,ECHO MOBILES MAJEERPALLA,Dealer,A176NN,1,27884
KERR032,BISMILLAH TRADE LINKS,KERD002496,ANSCARETELESERVICES,KERD002496,ANS CARE TELE SERVICES,Normal,SMD,KERD003368,ECHO MOBILES MAJEERPALLA,Dealer,A366EJ,1,32691
KERR032,BISMILLAH TRADE LINKS,KERD002496,ANSCARETELESERVICES,KERD002496,ANS CARE TELE SERVICES,Normal,SMD,KERD003368,ECHO MOBILES MAJEERPALLA,Dealer,A366EK,1,36538
KERR032,BISMILLAH TRADE LINKS,KERD002496,ANSCARETELESERVICES,KERD002496,ANS CARE TELE SERVICES,Normal,SMD,KERD003368,ECHO MOBILES MAJEERPALLA,Dealer,A376EG,2,91344
KERR032,BISMILLAH TRADE LINKS,KERD002496,ANSCARETELESERVICES,KERD002496,ANS CARE TELE SERVICES,Normal,SMD,KERD003368,ECHO MOBILES MAJEERPALLA,Dealer,A566EG,1,45191
KERR032,BISMILLAH TRADE LINKS,KERD002496,ANSCARETELESERVICES,KERD002496,ANS CARE TELE SERVICES,Normal,SMD,KERD003368,ECHO MOBILES MAJEERPALLA,Dealer,E176BA,2,37998
KERR032,BISMILLAH TRADE LINKS,KERD002496,ANSCARETELESERVICES,KERD002496,ANS CARE TELE SERVICES,Normal,SMD,KERD003368,ECHO MOBILES MAJEERPALLA,Dealer,E176BB,2,41998
KERR032,BISMILLAH TRADE LINKS,KERD002496,ANSCARETELESERVICES,KERD002496,ANS CARE TELE SERVICES,Normal,SMD,KERD003368,ECHO MOBILES MAJEERPALLA,Dealer,E176BD,1,22999
KERR032,BISMILLAH TRADE LINKS,KERD002496,ANSCARETELESERVICES,KERD002496,ANS CARE TELE SERVICES,Normal,SMD,KERD003368,ECHO MOBILES MAJEERPALLA,Dealer,S948BB,1,138999
KERR032,BISMILLAH TRADE LINKS,KERD002496,ANSCARETELESERVICES,KERD002496,ANS CARE TELE SERVICES,Normal,SMD,KERD004877,OMAN MOBILE UPPALA,Dealer,A076BB,4,65380
KERR032,BISMILLAH TRADE LINKS,KERD002496,ANSCARETELESERVICES,KERD002496,ANS CARE TELE SERVICES,Normal,SMD,KERD004877,OMAN MOBILE UPPALA,Dealer,A176NL,5,108170
KERR032,BISMILLAH TRADE LINKS,KERD002496,ANSCARETELESERVICES,KERD002496,ANS CARE TELE SERVICES,Normal,SMD,KERD004877,OMAN MOBILE UPPALA,Dealer,A176NM,4,94228
KERR032,BISMILLAH TRADE LINKS,KERD002496,ANSCARETELESERVICES,KERD002496,ANS CARE TELE SERVICES,Normal,SMD,KERD004877,OMAN MOBILE UPPALA,Dealer,A366EK,1,36538
KERR032,BISMILLAH TRADE LINKS,KERD002496,ANSCARETELESERVICES,KERD002496,ANS CARE TELE SERVICES,Normal,SMD,KERD004877,OMAN MOBILE UPPALA,Dealer,A376ED,1,40384
KERR032,BISMILLAH TRADE LINKS,KERD002496,ANSCARETELESERVICES,KERD002496,ANS CARE TELE SERVICES,Normal,SMD,KERD004877,OMAN MOBILE UPPALA,Dealer,A376EG,1,45672
KERR032,BISMILLAH TRADE LINKS,KERD002496,ANSCARETELESERVICES,KERD002496,ANS CARE TELE SERVICES,Normal,SMD,KERD009356,I PHIX MOBILE STORE,Dealer,A075FD,3,32997
KERR032,BISMILLAH TRADE LINKS,KERD002496,ANSCARETELESERVICES,KERD002496,ANS CARE TELE SERVICES,Normal,SMD,KERD009356,I PHIX MOBILE STORE,Dealer,A076BB,2,32690
KERR032,BISMILLAH TRADE LINKS,KERD002496,ANSCARETELESERVICES,KERD002496,ANS CARE TELE SERVICES,Normal,SMD,KERD009356,I PHIX MOBILE STORE,Dealer,A076BC,1,18268
KERR032,BISMILLAH TRADE LINKS,KERD002496,ANSCARETELESERVICES,KERD002496,ANS CARE TELE SERVICES,Normal,SMD,KERD009356,I PHIX MOBILE STORE,Dealer,A176NL,1,21634
KERR032,BISMILLAH TRADE LINKS,KERD002496,ANSCARETELESERVICES,KERD002496,ANS CARE TELE SERVICES,Normal,SMD,KERD009356,I PHIX MOBILE STORE,Dealer,A176NM,1,23557
KERR032,BISMILLAH TRADE LINKS,KERD002496,ANSCARETELESERVICES,KERD002496,ANS CARE TELE SERVICES,Normal,SMD,KERD009356,I PHIX MOBILE STORE,Dealer,A176NN,1,27884
KERR032,BISMILLAH TRADE LINKS,KERD002496,ANSCARETELESERVICES,KERD002496,ANS CARE TELE SERVICES,Normal,SMD,KERD009356,I PHIX MOBILE STORE,Dealer,E176BA,1,18999
KERR032,BISMILLAH TRADE LINKS,KERD002496,ANSCARETELESERVICES,KERD002496,ANS CARE TELE SERVICES,Normal,SMD,KERD009356,I PHIX MOBILE STORE,Dealer,E176BB,3,62997
KERR032,BISMILLAH TRADE LINKS,KERD002496,ANSCARETELESERVICES,KERD002496,ANS CARE TELE SERVICES,Normal,SMD,KERD009363,BEST MOBILES,Dealer,A076BB,1,16345
KERR032,BISMILLAH TRADE LINKS,KERD002496,ANSCARETELESERVICES,KERD002496,ANS CARE TELE SERVICES,Normal,SMD,KERD009363,BEST MOBILES,Dealer,A076BC,1,18268
KERR032,BISMILLAH TRADE LINKS,KERD002496,ANSCARETELESERVICES,KERD002496,ANS CARE TELE SERVICES,Normal,SMD,KERD009363,BEST MOBILES,Dealer,A176NN,2,55768
KERR032,BISMILLAH TRADE LINKS,KERD002496,ANSCARETELESERVICES,KERD002496,ANS CARE TELE SERVICES,Normal,SMD,KERD009363,BEST MOBILES,Dealer,A366EJ,1,32691
KERR032,BISMILLAH TRADE LINKS,KERD002496,ANSCARETELESERVICES,KERD002496,ANS CARE TELE SERVICES,Normal,SMD,KERD009363,BEST MOBILES,Dealer,E176BB,1,20999
KERR032,BISMILLAH TRADE LINKS,KERD002496,ANSCARETELESERVICES,KERD002496,ANS CARE TELE SERVICES,Normal,SMD,KERD009363,BEST MOBILES,Dealer,E176BD,2,45998
KERR032,BISMILLAH TRADE LINKS,KERD002496,ANSCARETELESERVICES,KERD002496,ANS CARE TELE SERVICES,Normal,SMD,KERD009675,Mobile Point Badiadka,Dealer,A076BB,1,16345
KERR032,BISMILLAH TRADE LINKS,KERD002496,ANSCARETELESERVICES,KERD002496,ANS CARE TELE SERVICES,Normal,SMD,KERD009675,Mobile Point Badiadka,Dealer,A176NL,1,21634
KERR032,BISMILLAH TRADE LINKS,KERD002496,ANSCARETELESERVICES,KERD002496,ANS CARE TELE SERVICES,Normal,SMD,KERD009675,Mobile Point Badiadka,Dealer,A176NM,1,23557
KERR032,BISMILLAH TRADE LINKS,KERD002496,ANSCARETELESERVICES,KERD002496,ANS CARE TELE SERVICES,Normal,SMD,KERD009675,Mobile Point Badiadka,Dealer,A176NN,1,27884
KERR032,BISMILLAH TRADE LINKS,KERD002496,ANSCARETELESERVICES,KERD002496,ANS CARE TELE SERVICES,Normal,SMD,KERD009675,Mobile Point Badiadka,Dealer,E176BA,2,37998
KERR032,BISMILLAH TRADE LINKS,KERD002496,ANSCARETELESERVICES,KERD002496,ANS CARE TELE SERVICES,Normal,SMD,KERD009675,Mobile Point Badiadka,Dealer,E176BB,1,20999
KERR032,BISMILLAH TRADE LINKS,KERD002496,ANSCARETELESERVICES,KERD002496,ANS CARE TELE SERVICES,Normal,SMD,KERD010855,Your choice mobiles,Dealer,A076BC,1,18268
KERR032,BISMILLAH TRADE LINKS,KERD002496,ANSCARETELESERVICES,KERD002496,ANS CARE TELE SERVICES,Normal,SMD,KERD010855,Your choice mobiles,Dealer,A176BM,1,22595
KERR032,BISMILLAH TRADE LINKS,KERD002496,ANSCARETELESERVICES,KERD002496,ANS CARE TELE SERVICES,Normal,SMD,KERD010855,Your choice mobiles,Dealer,E176BA,1,18999
KERR032,BISMILLAH TRADE LINKS,KERD002496,ANSCARETELESERVICES,KERD002496,ANS CARE TELE SERVICES,Normal,SMD,KERD010855,Your choice mobiles,Dealer,E176BB,1,20999
KERR032,BISMILLAH TRADE LINKS,KERD002496,ANSCARETELESERVICES,KERD002496,ANS CARE TELE SERVICES,Normal,SMD,KERD010855,Your choice mobiles,Dealer,E566BA,1,27999
KERR032,BISMILLAH TRADE LINKS,KERD002496,ANSCARETELESERVICES,KERD002496,ANS CARE TELE SERVICES,Normal,SMD,KERD011791,4U MOBILE,Dealer,A176NL,2,43268
KERR032,BISMILLAH TRADE LINKS,KERD002496,ANSCARETELESERVICES,KERD002496,ANS CARE TELE SERVICES,Normal,SMD,KERD011791,4U MOBILE,Dealer,E176BB,1,20999
KERR032,BISMILLAH TRADE LINKS,KERD002496,ANSCARETELESERVICES,KERD002496,ANS CARE TELE SERVICES,Normal,SMD,KERD012662,PHONIZ,Dealer,A076BB,1,16345
KERR032,BISMILLAH TRADE LINKS,KERD002496,ANSCARETELESERVICES,KERD002496,ANS CARE TELE SERVICES,Normal,SMD,KERD012662,PHONIZ,Dealer,A176NM,1,23557
KERR032,BISMILLAH TRADE LINKS,KERD002496,ANSCARETELESERVICES,KERD002496,ANS CARE TELE SERVICES,Normal,SMD,KERD012662,PHONIZ,Dealer,E176BB,1,20999
KERR032,BISMILLAH TRADE LINKS,KERD002496,ANSCARETELESERVICES,KERD002496,ANS CARE TELE SERVICES,Normal,SMD,KERD1446,MOBILE MAGIC UPPALA,Dealer,A075FD,2,21998
KERR032,BISMILLAH TRADE LINKS,KERD002496,ANSCARETELESERVICES,KERD002496,ANS CARE TELE SERVICES,Normal,SMD,KERD1446,MOBILE MAGIC UPPALA,Dealer,A076BB,3,49035
KERR032,BISMILLAH TRADE LINKS,KERD002496,ANSCARETELESERVICES,KERD002496,ANS CARE TELE SERVICES,Normal,SMD,KERD1446,MOBILE MAGIC UPPALA,Dealer,A076BC,4,73072
KERR032,BISMILLAH TRADE LINKS,KERD002496,ANSCARETELESERVICES,KERD002496,ANS CARE TELE SERVICES,Normal,SMD,KERD1446,MOBILE MAGIC UPPALA,Dealer,A176NM,2,47114
KERR032,BISMILLAH TRADE LINKS,KERD002496,ANSCARETELESERVICES,KERD002496,ANS CARE TELE SERVICES,Normal,SMD,KERD1446,MOBILE MAGIC UPPALA,Dealer,A176NN,3,83652
KERR032,BISMILLAH TRADE LINKS,KERD002496,ANSCARETELESERVICES,KERD002496,ANS CARE TELE SERVICES,Normal,SMD,KERD1446,MOBILE MAGIC UPPALA,Dealer,A346ER,1,30096
KERR032,BISMILLAH TRADE LINKS,KERD002496,ANSCARETELESERVICES,KERD002496,ANS CARE TELE SERVICES,Normal,SMD,KERD1446,MOBILE MAGIC UPPALA,Dealer,A376ED,8,323072
KERR032,BISMILLAH TRADE LINKS,KERD002496,ANSCARETELESERVICES,KERD002496,ANS CARE TELE SERVICES,Normal,SMD,KERD1446,MOBILE MAGIC UPPALA,Dealer,A376EG,5,228360
KERR032,BISMILLAH TRADE LINKS,KERD002496,ANSCARETELESERVICES,KERD002496,ANS CARE TELE SERVICES,Normal,SMD,KERD1446,MOBILE MAGIC UPPALA,Dealer,A576BF,7,383649
KERR032,BISMILLAH TRADE LINKS,KERD002496,ANSCARETELESERVICES,KERD002496,ANS CARE TELE SERVICES,Normal,SMD,KERD1446,MOBILE MAGIC UPPALA,Dealer,A576BG,2,120190
KERR032,BISMILLAH TRADE LINKS,KERD002496,ANSCARETELESERVICES,KERD002496,ANS CARE TELE SERVICES,Normal,SMD,KERD1446,MOBILE MAGIC UPPALA,Dealer,E076BA,1,15499
KERR032,BISMILLAH TRADE LINKS,KERD002496,ANSCARETELESERVICES,KERD002496,ANS CARE TELE SERVICES,Normal,SMD,KERD1446,MOBILE MAGIC UPPALA,Dealer,E135FD,1,11999
KERR032,BISMILLAH TRADE LINKS,KERD002496,ANSCARETELESERVICES,KERD002496,ANS CARE TELE SERVICES,Normal,SMD,KERD1446,MOBILE MAGIC UPPALA,Dealer,E176BB,8,167992
KERR032,BISMILLAH TRADE LINKS,KERD002496,ANSCARETELESERVICES,KERD002496,ANS CARE TELE SERVICES,Normal,SMD,KERD1446,MOBILE MAGIC UPPALA,Dealer,E176BD,11,252989
KERR032,BISMILLAH TRADE LINKS,KERD002496,ANSCARETELESERVICES,KERD002496,ANS CARE TELE SERVICES,Normal,SMD,KERD1446,MOBILE MAGIC UPPALA,Dealer,E566BB,1,30999
KERR032,BISMILLAH TRADE LINKS,KERD002496,ANSCARETELESERVICES,KERD002496,ANS CARE TELE SERVICES,Normal,SMD,KERD1446,MOBILE MAGIC UPPALA,Dealer,F966BD,2,347998
KERR032,BISMILLAH TRADE LINKS,KERD002496,ANSCARETELESERVICES,KERD002496,ANS CARE TELE SERVICES,Normal,SMD,KERD1446,MOBILE MAGIC UPPALA,Dealer,M076BA,3,46497
KERR032,BISMILLAH TRADE LINKS,KERD002496,ANSCARETELESERVICES,KERD002496,ANS CARE TELE SERVICES,Normal,SMD,KERD1446,MOBILE MAGIC UPPALA,Dealer,M135FP,1,11999
KERR032,BISMILLAH TRADE LINKS,KERD002496,ANSCARETELESERVICES,KERD002496,ANS CARE TELE SERVICES,Normal,SMD,KERD1446,MOBILE MAGIC UPPALA,Dealer,M366BB,1,21999
KERR032,BISMILLAH TRADE LINKS,KERD002496,ANSCARETELESERVICES,KERD002496,ANS CARE TELE SERVICES,Normal,SMD,KERD1446,MOBILE MAGIC UPPALA,Dealer,R410N,8,39992
KERR032,BISMILLAH TRADE LINKS,KERD002496,ANSCARETELESERVICES,KERD002496,ANS CARE TELE SERVICES,Normal,SMD,KERD1446,MOBILE MAGIC UPPALA,Dealer,R640N,1,22999
KERR032,BISMILLAH TRADE LINKS,KERD002496,ANSCARETELESERVICES,KERD002496,ANS CARE TELE SERVICES,Normal,SMD,KERD1446,MOBILE MAGIC UPPALA,Dealer,S942BC,2,173998
KERR032,BISMILLAH TRADE LINKS,KERD002496,ANSCARETELESERVICES,KERD002496,ANS CARE TELE SERVICES,Normal,SMD,KERD1446,MOBILE MAGIC UPPALA,Dealer,S948BB,3,416997
KERR032,BISMILLAH TRADE LINKS,KERD002496,ANSCARETELESERVICES,KERD002496,ANS CARE TELE SERVICES,Normal,SMD,KERD1446,MOBILE MAGIC UPPALA,Dealer,X236BA,2,63998
KERR032,BISMILLAH TRADE LINKS,KERD002496,ANSCARETELESERVICES,KERD002496,ANS CARE TELE SERVICES,Normal,SMD,KERD4283,galaxy communication badiadka,Dealer,A075FD,1,10999
KERR032,BISMILLAH TRADE LINKS,KERD002496,ANSCARETELESERVICES,KERD002496,ANS CARE TELE SERVICES,Normal,SMD,KERD4283,galaxy communication badiadka,Dealer,A076BB,2,32690
KERR032,BISMILLAH TRADE LINKS,KERD002496,ANSCARETELESERVICES,KERD002496,ANS CARE TELE SERVICES,Normal,SMD,KERD4283,galaxy communication badiadka,Dealer,A076BC,2,36536
KERR032,BISMILLAH TRADE LINKS,KERD002496,ANSCARETELESERVICES,KERD002496,ANS CARE TELE SERVICES,Normal,SMD,KERD4283,galaxy communication badiadka,Dealer,A176NL,1,21634
KERR032,BISMILLAH TRADE LINKS,KERD002496,ANSCARETELESERVICES,KERD002496,ANS CARE TELE SERVICES,Normal,SMD,KERD4283,galaxy communication badiadka,Dealer,A176NM,1,23557
KERR032,BISMILLAH TRADE LINKS,KERD002496,ANSCARETELESERVICES,KERD002496,ANS CARE TELE SERVICES,Normal,SMD,KERD4283,galaxy communication badiadka,Dealer,A176NN,1,27884
KERR032,BISMILLAH TRADE LINKS,KERD002496,ANSCARETELESERVICES,KERD002496,ANS CARE TELE SERVICES,Normal,SMD,KERD4283,galaxy communication badiadka,Dealer,E176BA,1,18999
KERR032,BISMILLAH TRADE LINKS,,,KERR032,ANS CARE TELE SERVICES,Normal,SRD,KERD002496,ANSCARETELESERVICES,Dealer,R860N,1,23999
KERR032,BISMILLAH TRADE LINKS,KERD002496,ANSCARETELESERVICES,KERD002496,ANS CARE TELE SERVICES,DEMO,SMD,KERD002799,G Smart mobile,Dealer,A276BD,1,30768
KERR032,BISMILLAH TRADE LINKS,KERD002496,ANSCARETELESERVICES,KERD002496,ANS CARE TELE SERVICES,DEMO,SMD,KERD002915,ROYAL GIFT,Dealer,A276BD,1,30768
KERR032,BISMILLAH TRADE LINKS,KERD002496,ANSCARETELESERVICES,KERD002496,ANS CARE TELE SERVICES,DEMO,SMD,KERD1446,MOBILE MAGIC UPPALA,Dealer,A276BD,1,30768
KERR032,BISMILLAH TRADE LINKS,KERD002496,ANSCARETELESERVICES,KERD002496,ANS CARE TELE SERVICES,Normal,SMD,KERD00024636,66 Mobiles,Dealer,A076BC,2,38460
KERR032,BISMILLAH TRADE LINKS,KERD002496,ANSCARETELESERVICES,KERD002496,ANS CARE TELE SERVICES,Normal,SMD,KERD00024636,66 Mobiles,Dealer,A176NL,3,67785
KERR032,BISMILLAH TRADE LINKS,KERD002496,ANSCARETELESERVICES,KERD002496,ANS CARE TELE SERVICES,Normal,SMD,KERD00024636,66 Mobiles,Dealer,A176NN,2,57690
KERR032,BISMILLAH TRADE LINKS,KERD002496,ANSCARETELESERVICES,KERD002496,ANS CARE TELE SERVICES,Normal,SMD,KERD00024636,66 Mobiles,Dealer,A376ED,2,80768
KERR032,BISMILLAH TRADE LINKS,KERD002496,ANSCARETELESERVICES,KERD002496,ANS CARE TELE SERVICES,Normal,SMD,KERD00024636,66 Mobiles,Dealer,A376EG,1,45672
KERR032,BISMILLAH TRADE LINKS,KERD002496,ANSCARETELESERVICES,KERD002496,ANS CARE TELE SERVICES,Normal,SMD,KERD00024697,I Max Mobiles Gadgets,Dealer,A076BB,1,17307
KERR032,BISMILLAH TRADE LINKS,KERD002496,ANSCARETELESERVICES,KERD002496,ANS CARE TELE SERVICES,Normal,SMD,KERD00024697,I Max Mobiles Gadgets,Dealer,A176NL,1,22595
KERR032,BISMILLAH TRADE LINKS,KERD002496,ANSCARETELESERVICES,KERD002496,ANS CARE TELE SERVICES,Normal,SMD,KERD00024697,I Max Mobiles Gadgets,Dealer,A176NM,2,49036
KERR032,BISMILLAH TRADE LINKS,KERD002496,ANSCARETELESERVICES,KERD002496,ANS CARE TELE SERVICES,Normal,SMD,KERD00024697,I Max Mobiles Gadgets,Dealer,A366EK,1,36538
KERR032,BISMILLAH TRADE LINKS,KERD002496,ANSCARETELESERVICES,KERD002496,ANS CARE TELE SERVICES,Normal,SMD,KERD00024697,I Max Mobiles Gadgets,Dealer,A376EG,1,45672
KERR032,BISMILLAH TRADE LINKS,KERD002496,ANSCARETELESERVICES,KERD002496,ANS CARE TELE SERVICES,Normal,SMD,KERD00024697,I Max Mobiles Gadgets,Dealer,E176BB,1,21999
KERR032,BISMILLAH TRADE LINKS,KERD002496,ANSCARETELESERVICES,KERD002496,ANS CARE TELE SERVICES,Normal,SMD,KERD00024697,I Max Mobiles Gadgets,Dealer,S942BC,1,86999
KERR032,BISMILLAH TRADE LINKS,KERD002496,ANSCARETELESERVICES,KERD002496,ANS CARE TELE SERVICES,Normal,SMD,KERD00024918,Fone House,Dealer,X115NA,1,15999
KERR032,BISMILLAH TRADE LINKS,KERD002496,ANSCARETELESERVICES,KERD002496,ANS CARE TELE SERVICES,Normal,SMD,KERD001614,GM NEERCHAL,Dealer,A075FD,1,11999
KERR032,BISMILLAH TRADE LINKS,KERD002496,ANSCARETELESERVICES,KERD002496,ANS CARE TELE SERVICES,Normal,SMD,KERD001614,GM NEERCHAL,Dealer,A076BB,2,34614
KERR032,BISMILLAH TRADE LINKS,KERD002496,ANSCARETELESERVICES,KERD002496,ANS CARE TELE SERVICES,Normal,SMD,KERD001614,GM NEERCHAL,Dealer,A076BC,1,19230
KERR032,BISMILLAH TRADE LINKS,KERD002496,ANSCARETELESERVICES,KERD002496,ANS CARE TELE SERVICES,Normal,SMD,KERD001614,GM NEERCHAL,Dealer,A176NM,2,49036
KERR032,BISMILLAH TRADE LINKS,KERD002496,ANSCARETELESERVICES,KERD002496,ANS CARE TELE SERVICES,Normal,SMD,KERD001614,GM NEERCHAL,Dealer,A176NN,1,28845
KERR032,BISMILLAH TRADE LINKS,KERD002496,ANSCARETELESERVICES,KERD002496,ANS CARE TELE SERVICES,Normal,SMD,KERD001614,GM NEERCHAL,Dealer,A376EG,1,45672
KERR032,BISMILLAH TRADE LINKS,KERD002496,ANSCARETELESERVICES,KERD002496,ANS CARE TELE SERVICES,Normal,SMD,KERD001614,GM NEERCHAL,Dealer,E176BB,2,43998
KERR032,BISMILLAH TRADE LINKS,KERD002496,ANSCARETELESERVICES,KERD002496,ANS CARE TELE SERVICES,Normal,SMD,KERD001616,CITY CELL UPPALA,Dealer,A075FD,1,11999
KERR032,BISMILLAH TRADE LINKS,KERD002496,ANSCARETELESERVICES,KERD002496,ANS CARE TELE SERVICES,Normal,SMD,KERD001616,CITY CELL UPPALA,Dealer,A076BB,4,69228
KERR032,BISMILLAH TRADE LINKS,KERD002496,ANSCARETELESERVICES,KERD002496,ANS CARE TELE SERVICES,Normal,SMD,KERD001616,CITY CELL UPPALA,Dealer,A076BC,1,19230
KERR032,BISMILLAH TRADE LINKS,KERD002496,ANSCARETELESERVICES,KERD002496,ANS CARE TELE SERVICES,Normal,SMD,KERD001616,CITY CELL UPPALA,Dealer,A176NL,1,22595
KERR032,BISMILLAH TRADE LINKS,KERD002496,ANSCARETELESERVICES,KERD002496,ANS CARE TELE SERVICES,Normal,SMD,KERD001616,CITY CELL UPPALA,Dealer,A176NM,4,98072
KERR032,BISMILLAH TRADE LINKS,KERD002496,ANSCARETELESERVICES,KERD002496,ANS CARE TELE SERVICES,Normal,SMD,KERD001616,CITY CELL UPPALA,Dealer,A176NN,1,28845
KERR032,BISMILLAH TRADE LINKS,KERD002496,ANSCARETELESERVICES,KERD002496,ANS CARE TELE SERVICES,Normal,SMD,KERD001616,CITY CELL UPPALA,Dealer,A376EG,2,91344
KERR032,BISMILLAH TRADE LINKS,KERD002496,ANSCARETELESERVICES,KERD002496,ANS CARE TELE SERVICES,Normal,SMD,KERD001616,CITY CELL UPPALA,Dealer,E176BB,1,21999
KERR032,BISMILLAH TRADE LINKS,KERD002496,ANSCARETELESERVICES,KERD002496,ANS CARE TELE SERVICES,Normal,SMD,KERD001617,MOBILE CAMPUS,Dealer,A066BD,1,14422
KERR032,BISMILLAH TRADE LINKS,KERD002496,ANSCARETELESERVICES,KERD002496,ANS CARE TELE SERVICES,Normal,SMD,KERD001617,MOBILE CAMPUS,Dealer,A076BB,2,34614
KERR032,BISMILLAH TRADE LINKS,KERD002496,ANSCARETELESERVICES,KERD002496,ANS CARE TELE SERVICES,Normal,SMD,KERD001617,MOBILE CAMPUS,Dealer,A076BC,1,19230
KERR032,BISMILLAH TRADE LINKS,KERD002496,ANSCARETELESERVICES,KERD002496,ANS CARE TELE SERVICES,Normal,SMD,KERD001617,MOBILE CAMPUS,Dealer,E176BA,1,19999
KERR032,BISMILLAH TRADE LINKS,KERD002496,ANSCARETELESERVICES,KERD002496,ANS CARE TELE SERVICES,Normal,SMD,KERD001670,MOBILE HUT,Dealer,A076BB,2,34614
KERR032,BISMILLAH TRADE LINKS,KERD002496,ANSCARETELESERVICES,KERD002496,ANS CARE TELE SERVICES,Normal,SMD,KERD001670,MOBILE HUT,Dealer,A076BC,2,38460
KERR032,BISMILLAH TRADE LINKS,KERD002496,ANSCARETELESERVICES,KERD002496,ANS CARE TELE SERVICES,Normal,SMD,KERD001670,MOBILE HUT,Dealer,A176NL,1,22595
KERR032,BISMILLAH TRADE LINKS,KERD002496,ANSCARETELESERVICES,KERD002496,ANS CARE TELE SERVICES,Normal,SMD,KERD001670,MOBILE HUT,Dealer,E176BB,1,21999
KERR032,BISMILLAH TRADE LINKS,KERD002496,ANSCARETELESERVICES,KERD002496,ANS CARE TELE SERVICES,Normal,SMD,KERD001670,MOBILE HUT,Dealer,E366BD,1,23999
KERR032,BISMILLAH TRADE LINKS,KERD002496,ANSCARETELESERVICES,KERD002496,ANS CARE TELE SERVICES,Normal,SMD,KERD002799,G Smart mobile,Dealer,A066BD,2,28844
KERR032,BISMILLAH TRADE LINKS,KERD002496,ANSCARETELESERVICES,KERD002496,ANS CARE TELE SERVICES,Normal,SMD,KERD002799,G Smart mobile,Dealer,A066BG,1,16345
KERR032,BISMILLAH TRADE LINKS,KERD002496,ANSCARETELESERVICES,KERD002496,ANS CARE TELE SERVICES,Normal,SMD,KERD002799,G Smart mobile,Dealer,A075FD,3,35997
KERR032,BISMILLAH TRADE LINKS,KERD002496,ANSCARETELESERVICES,KERD002496,ANS CARE TELE SERVICES,Normal,SMD,KERD002799,G Smart mobile,Dealer,A076BB,5,86535
KERR032,BISMILLAH TRADE LINKS,KERD002496,ANSCARETELESERVICES,KERD002496,ANS CARE TELE SERVICES,Normal,SMD,KERD002799,G Smart mobile,Dealer,A076BC,2,38460
KERR032,BISMILLAH TRADE LINKS,KERD002496,ANSCARETELESERVICES,KERD002496,ANS CARE TELE SERVICES,Normal,SMD,KERD002799,G Smart mobile,Dealer,A145FD,1,13591
KERR032,BISMILLAH TRADE LINKS,KERD002496,ANSCARETELESERVICES,KERD002496,ANS CARE TELE SERVICES,Normal,SMD,KERD002799,G Smart mobile,Dealer,A176NL,5,112975
KERR032,BISMILLAH TRADE LINKS,KERD002496,ANSCARETELESERVICES,KERD002496,ANS CARE TELE SERVICES,Normal,SMD,KERD002799,G Smart mobile,Dealer,A176NM,4,98072
KERR032,BISMILLAH TRADE LINKS,KERD002496,ANSCARETELESERVICES,KERD002496,ANS CARE TELE SERVICES,Normal,SMD,KERD002799,G Smart mobile,Dealer,A176NN,1,28845
KERR032,BISMILLAH TRADE LINKS,KERD002496,ANSCARETELESERVICES,KERD002496,ANS CARE TELE SERVICES,Normal,SMD,KERD002799,G Smart mobile,Dealer,A276BD,2,61536
KERR032,BISMILLAH TRADE LINKS,KERD002496,ANSCARETELESERVICES,KERD002496,ANS CARE TELE SERVICES,Normal,SMD,KERD002799,G Smart mobile,Dealer,A276BG,2,67306
KERR032,BISMILLAH TRADE LINKS,KERD002496,ANSCARETELESERVICES,KERD002496,ANS CARE TELE SERVICES,Normal,SMD,KERD002799,G Smart mobile,Dealer,A276BH,1,38941
KERR032,BISMILLAH TRADE LINKS,KERD002496,ANSCARETELESERVICES,KERD002496,ANS CARE TELE SERVICES,Normal,SMD,KERD002799,G Smart mobile,Dealer,A366EJ,1,32691
KERR032,BISMILLAH TRADE LINKS,KERD002496,ANSCARETELESERVICES,KERD002496,ANS CARE TELE SERVICES,Normal,SMD,KERD002799,G Smart mobile,Dealer,A376ED,1,40384
KERR032,BISMILLAH TRADE LINKS,KERD002496,ANSCARETELESERVICES,KERD002496,ANS CARE TELE SERVICES,Normal,SMD,KERD002799,G Smart mobile,Dealer,A376EG,2,91344
KERR032,BISMILLAH TRADE LINKS,KERD002496,ANSCARETELESERVICES,KERD002496,ANS CARE TELE SERVICES,Normal,SMD,KERD002799,G Smart mobile,Dealer,A576BF,1,54807
KERR032,BISMILLAH TRADE LINKS,KERD002496,ANSCARETELESERVICES,KERD002496,ANS CARE TELE SERVICES,Normal,SMD,KERD002799,G Smart mobile,Dealer,E176BB,1,21999
KERR032,BISMILLAH TRADE LINKS,KERD002496,ANSCARETELESERVICES,KERD002496,ANS CARE TELE SERVICES,Normal,SMD,KERD002799,G Smart mobile,Dealer,E176BD,1,23999
KERR032,BISMILLAH TRADE LINKS,KERD002496,ANSCARETELESERVICES,KERD002496,ANS CARE TELE SERVICES,Normal,SMD,KERD002799,G Smart mobile,Dealer,F966BD,1,173999
KERR032,BISMILLAH TRADE LINKS,KERD002496,ANSCARETELESERVICES,KERD002496,ANS CARE TELE SERVICES,Normal,SMD,KERD002799,G Smart mobile,Dealer,S942BC,1,86999
KERR032,BISMILLAH TRADE LINKS,KERD002496,ANSCARETELESERVICES,KERD002496,ANS CARE TELE SERVICES,Normal,SMD,KERD002915,ROYAL GIFT,Dealer,A066BG,1,16345
KERR032,BISMILLAH TRADE LINKS,KERD002496,ANSCARETELESERVICES,KERD002496,ANS CARE TELE SERVICES,Normal,SMD,KERD002915,ROYAL GIFT,Dealer,A076BB,8,138456
KERR032,BISMILLAH TRADE LINKS,KERD002496,ANSCARETELESERVICES,KERD002496,ANS CARE TELE SERVICES,Normal,SMD,KERD002915,ROYAL GIFT,Dealer,A076BC,2,38460
KERR032,BISMILLAH TRADE LINKS,KERD002496,ANSCARETELESERVICES,KERD002496,ANS CARE TELE SERVICES,Normal,SMD,KERD002915,ROYAL GIFT,Dealer,A176NL,4,90380
KERR032,BISMILLAH TRADE LINKS,KERD002496,ANSCARETELESERVICES,KERD002496,ANS CARE TELE SERVICES,Normal,SMD,KERD002915,ROYAL GIFT,Dealer,A176NM,5,122590
KERR032,BISMILLAH TRADE LINKS,KERD002496,ANSCARETELESERVICES,KERD002496,ANS CARE TELE SERVICES,Normal,SMD,KERD002915,ROYAL GIFT,Dealer,A276BG,1,33653
KERR032,BISMILLAH TRADE LINKS,KERD002496,ANSCARETELESERVICES,KERD002496,ANS CARE TELE SERVICES,Normal,SMD,KERD002915,ROYAL GIFT,Dealer,A376ED,5,201920
KERR032,BISMILLAH TRADE LINKS,KERD002496,ANSCARETELESERVICES,KERD002496,ANS CARE TELE SERVICES,Normal,SMD,KERD002915,ROYAL GIFT,Dealer,A376EG,1,45672
KERR032,BISMILLAH TRADE LINKS,KERD002496,ANSCARETELESERVICES,KERD002496,ANS CARE TELE SERVICES,Normal,SMD,KERD002915,ROYAL GIFT,Dealer,A566EG,1,45191
KERR032,BISMILLAH TRADE LINKS,KERD002496,ANSCARETELESERVICES,KERD002496,ANS CARE TELE SERVICES,Normal,SMD,KERD002915,ROYAL GIFT,Dealer,A576BF,1,54807
KERR032,BISMILLAH TRADE LINKS,KERD002496,ANSCARETELESERVICES,KERD002496,ANS CARE TELE SERVICES,Normal,SMD,KERD002915,ROYAL GIFT,Dealer,E176BA,1,19999
KERR032,BISMILLAH TRADE LINKS,KERD002496,ANSCARETELESERVICES,KERD002496,ANS CARE TELE SERVICES,Normal,SMD,KERD002915,ROYAL GIFT,Dealer,E176BB,1,21999
KERR032,BISMILLAH TRADE LINKS,KERD002496,ANSCARETELESERVICES,KERD002496,ANS CARE TELE SERVICES,Normal,SMD,KERD002915,ROYAL GIFT,Dealer,S948BD,1,138999
KERR032,BISMILLAH TRADE LINKS,KERD002496,ANSCARETELESERVICES,KERD002496,ANS CARE TELE SERVICES,Normal,SMD,KERD002915,ROYAL GIFT,Dealer,X406BA,1,42999
KERR032,BISMILLAH TRADE LINKS,KERD002496,ANSCARETELESERVICES,KERD002496,ANS CARE TELE SERVICES,Normal,SMD,KERD002915,ROYAL GIFT,Dealer,X406BE,1,53999
KERR032,BISMILLAH TRADE LINKS,KERD002496,ANSCARETELESERVICES,KERD002496,ANS CARE TELE SERVICES,Normal,SMD,KERD003336,MOBI TECH HOSANGADY,Dealer,A076BB,9,155763
KERR032,BISMILLAH TRADE LINKS,KERD002496,ANSCARETELESERVICES,KERD002496,ANS CARE TELE SERVICES,Normal,SMD,KERD003336,MOBI TECH HOSANGADY,Dealer,A076BC,7,134610
KERR032,BISMILLAH TRADE LINKS,KERD002496,ANSCARETELESERVICES,KERD002496,ANS CARE TELE SERVICES,Normal,SMD,KERD003336,MOBI TECH HOSANGADY,Dealer,A176NL,3,67785
KERR032,BISMILLAH TRADE LINKS,KERD002496,ANSCARETELESERVICES,KERD002496,ANS CARE TELE SERVICES,Normal,SMD,KERD003336,MOBI TECH HOSANGADY,Dealer,A176NM,3,73554
KERR032,BISMILLAH TRADE LINKS,KERD002496,ANSCARETELESERVICES,KERD002496,ANS CARE TELE SERVICES,Normal,SMD,KERD003336,MOBI TECH HOSANGADY,Dealer,A176NN,1,28845
KERR032,BISMILLAH TRADE LINKS,KERD002496,ANSCARETELESERVICES,KERD002496,ANS CARE TELE SERVICES,Normal,SMD,KERD003336,MOBI TECH HOSANGADY,Dealer,A366EK,1,36538
KERR032,BISMILLAH TRADE LINKS,KERD002496,ANSCARETELESERVICES,KERD002496,ANS CARE TELE SERVICES,Normal,SMD,KERD003336,MOBI TECH HOSANGADY,Dealer,A376EG,1,45672
KERR032,BISMILLAH TRADE LINKS,KERD002496,ANSCARETELESERVICES,KERD002496,ANS CARE TELE SERVICES,Normal,SMD,KERD003336,MOBI TECH HOSANGADY,Dealer,A576BG,1,60095
KERR032,BISMILLAH TRADE LINKS,KERD002496,ANSCARETELESERVICES,KERD002496,ANS CARE TELE SERVICES,Normal,SMD,KERD003336,MOBI TECH HOSANGADY,Dealer,E176BB,1,21999
KERR032,BISMILLAH TRADE LINKS,KERD002496,ANSCARETELESERVICES,KERD002496,ANS CARE TELE SERVICES,Normal,SMD,KERD003368,ECHO MOBILES MAJEERPALLA,Dealer,A076BB,2,34614
KERR032,BISMILLAH TRADE LINKS,KERD002496,ANSCARETELESERVICES,KERD002496,ANS CARE TELE SERVICES,Normal,SMD,KERD003368,ECHO MOBILES MAJEERPALLA,Dealer,A076BC,2,38460
KERR032,BISMILLAH TRADE LINKS,KERD002496,ANSCARETELESERVICES,KERD002496,ANS CARE TELE SERVICES,Normal,SMD,KERD003368,ECHO MOBILES MAJEERPALLA,Dealer,A176NL,2,45190
KERR032,BISMILLAH TRADE LINKS,KERD002496,ANSCARETELESERVICES,KERD002496,ANS CARE TELE SERVICES,Normal,SMD,KERD003368,ECHO MOBILES MAJEERPALLA,Dealer,A176NM,2,49036
KERR032,BISMILLAH TRADE LINKS,KERD002496,ANSCARETELESERVICES,KERD002496,ANS CARE TELE SERVICES,Normal,SMD,KERD003368,ECHO MOBILES MAJEERPALLA,Dealer,A176NN,1,28845
KERR032,BISMILLAH TRADE LINKS,KERD002496,ANSCARETELESERVICES,KERD002496,ANS CARE TELE SERVICES,Normal,SMD,KERD003368,ECHO MOBILES MAJEERPALLA,Dealer,A376EG,2,91344
KERR032,BISMILLAH TRADE LINKS,KERD002496,ANSCARETELESERVICES,KERD002496,ANS CARE TELE SERVICES,Normal,SMD,KERD003368,ECHO MOBILES MAJEERPALLA,Dealer,E176BA,1,19999
KERR032,BISMILLAH TRADE LINKS,KERD002496,ANSCARETELESERVICES,KERD002496,ANS CARE TELE SERVICES,Normal,SMD,KERD003368,ECHO MOBILES MAJEERPALLA,Dealer,E176BB,3,65997
KERR032,BISMILLAH TRADE LINKS,KERD002496,ANSCARETELESERVICES,KERD002496,ANS CARE TELE SERVICES,Normal,SMD,KERD004877,OMAN MOBILE UPPALA,Dealer,A066BG,1,16345
KERR032,BISMILLAH TRADE LINKS,KERD002496,ANSCARETELESERVICES,KERD002496,ANS CARE TELE SERVICES,Normal,SMD,KERD004877,OMAN MOBILE UPPALA,Dealer,A075FD,1,11999
KERR032,BISMILLAH TRADE LINKS,KERD002496,ANSCARETELESERVICES,KERD002496,ANS CARE TELE SERVICES,Normal,SMD,KERD004877,OMAN MOBILE UPPALA,Dealer,A076BB,2,34614
KERR032,BISMILLAH TRADE LINKS,KERD002496,ANSCARETELESERVICES,KERD002496,ANS CARE TELE SERVICES,Normal,SMD,KERD004877,OMAN MOBILE UPPALA,Dealer,A076BC,1,19230
KERR032,BISMILLAH TRADE LINKS,KERD002496,ANSCARETELESERVICES,KERD002496,ANS CARE TELE SERVICES,Normal,SMD,KERD004877,OMAN MOBILE UPPALA,Dealer,A176NL,5,112975
KERR032,BISMILLAH TRADE LINKS,KERD002496,ANSCARETELESERVICES,KERD002496,ANS CARE TELE SERVICES,Normal,SMD,KERD004877,OMAN MOBILE UPPALA,Dealer,A176NM,1,24518
KERR032,BISMILLAH TRADE LINKS,KERD002496,ANSCARETELESERVICES,KERD002496,ANS CARE TELE SERVICES,Normal,SMD,KERD004877,OMAN MOBILE UPPALA,Dealer,A176NN,1,28845
KERR032,BISMILLAH TRADE LINKS,KERD002496,ANSCARETELESERVICES,KERD002496,ANS CARE TELE SERVICES,Normal,SMD,KERD004877,OMAN MOBILE UPPALA,Dealer,A366EJ,1,32691
KERR032,BISMILLAH TRADE LINKS,KERD002496,ANSCARETELESERVICES,KERD002496,ANS CARE TELE SERVICES,Normal,SMD,KERD004877,OMAN MOBILE UPPALA,Dealer,A376EG,2,91344
KERR032,BISMILLAH TRADE LINKS,KERD002496,ANSCARETELESERVICES,KERD002496,ANS CARE TELE SERVICES,Normal,SMD,KERD004877,OMAN MOBILE UPPALA,Dealer,A566EG,1,45191
KERR032,BISMILLAH TRADE LINKS,KERD002496,ANSCARETELESERVICES,KERD002496,ANS CARE TELE SERVICES,Normal,SMD,KERD004877,OMAN MOBILE UPPALA,Dealer,A576BF,1,54807
KERR032,BISMILLAH TRADE LINKS,KERD002496,ANSCARETELESERVICES,KERD002496,ANS CARE TELE SERVICES,Normal,SMD,KERD004877,OMAN MOBILE UPPALA,Dealer,E176BB,3,65997
KERR032,BISMILLAH TRADE LINKS,KERD002496,ANSCARETELESERVICES,KERD002496,ANS CARE TELE SERVICES,Normal,SMD,KERD004877,OMAN MOBILE UPPALA,Dealer,E176BD,1,23999
KERR032,BISMILLAH TRADE LINKS,KERD002496,ANSCARETELESERVICES,KERD002496,ANS CARE TELE SERVICES,Normal,SMD,KERD009356,I PHIX MOBILE STORE,Dealer,A066BG,3,49035
KERR032,BISMILLAH TRADE LINKS,KERD002496,ANSCARETELESERVICES,KERD002496,ANS CARE TELE SERVICES,Normal,SMD,KERD009356,I PHIX MOBILE STORE,Dealer,A075FD,2,23998
KERR032,BISMILLAH TRADE LINKS,KERD002496,ANSCARETELESERVICES,KERD002496,ANS CARE TELE SERVICES,Normal,SMD,KERD009356,I PHIX MOBILE STORE,Dealer,A076BB,1,17307
KERR032,BISMILLAH TRADE LINKS,KERD002496,ANSCARETELESERVICES,KERD002496,ANS CARE TELE SERVICES,Normal,SMD,KERD009356,I PHIX MOBILE STORE,Dealer,A076BC,3,57690
KERR032,BISMILLAH TRADE LINKS,KERD002496,ANSCARETELESERVICES,KERD002496,ANS CARE TELE SERVICES,Normal,SMD,KERD009356,I PHIX MOBILE STORE,Dealer,A176NL,2,45190
KERR032,BISMILLAH TRADE LINKS,KERD002496,ANSCARETELESERVICES,KERD002496,ANS CARE TELE SERVICES,Normal,SMD,KERD009356,I PHIX MOBILE STORE,Dealer,A176NM,1,24518
KERR032,BISMILLAH TRADE LINKS,KERD002496,ANSCARETELESERVICES,KERD002496,ANS CARE TELE SERVICES,Normal,SMD,KERD009356,I PHIX MOBILE STORE,Dealer,A176NN,2,57690
KERR032,BISMILLAH TRADE LINKS,KERD002496,ANSCARETELESERVICES,KERD002496,ANS CARE TELE SERVICES,Normal,SMD,KERD009356,I PHIX MOBILE STORE,Dealer,A576BF,1,54807
KERR032,BISMILLAH TRADE LINKS,KERD002496,ANSCARETELESERVICES,KERD002496,ANS CARE TELE SERVICES,Normal,SMD,KERD009356,I PHIX MOBILE STORE,Dealer,E176BB,2,43998
KERR032,BISMILLAH TRADE LINKS,KERD002496,ANSCARETELESERVICES,KERD002496,ANS CARE TELE SERVICES,Normal,SMD,KERD009356,I PHIX MOBILE STORE,Dealer,E366BD,1,23999
KERR032,BISMILLAH TRADE LINKS,KERD002496,ANSCARETELESERVICES,KERD002496,ANS CARE TELE SERVICES,Normal,SMD,KERD009356,I PHIX MOBILE STORE,Dealer,S948BD,1,138999
KERR032,BISMILLAH TRADE LINKS,KERD002496,ANSCARETELESERVICES,KERD002496,ANS CARE TELE SERVICES,Normal,SMD,KERD009363,BEST MOBILES,Dealer,A075FD,1,11999
KERR032,BISMILLAH TRADE LINKS,KERD002496,ANSCARETELESERVICES,KERD002496,ANS CARE TELE SERVICES,Normal,SMD,KERD009363,BEST MOBILES,Dealer,A076BC,2,38460
KERR032,BISMILLAH TRADE LINKS,KERD002496,ANSCARETELESERVICES,KERD002496,ANS CARE TELE SERVICES,Normal,SMD,KERD009363,BEST MOBILES,Dealer,A176NL,1,22595
KERR032,BISMILLAH TRADE LINKS,KERD002496,ANSCARETELESERVICES,KERD002496,ANS CARE TELE SERVICES,Normal,SMD,KERD009363,BEST MOBILES,Dealer,A176NM,1,24518
KERR032,BISMILLAH TRADE LINKS,KERD002496,ANSCARETELESERVICES,KERD002496,ANS CARE TELE SERVICES,Normal,SMD,KERD009363,BEST MOBILES,Dealer,A266BK,1,24271
KERR032,BISMILLAH TRADE LINKS,KERD002496,ANSCARETELESERVICES,KERD002496,ANS CARE TELE SERVICES,Normal,SMD,KERD009363,BEST MOBILES,Dealer,E176BB,2,43998
KERR032,BISMILLAH TRADE LINKS,KERD002496,ANSCARETELESERVICES,KERD002496,ANS CARE TELE SERVICES,Normal,SMD,KERD009363,BEST MOBILES,Dealer,E176BD,1,23999
KERR032,BISMILLAH TRADE LINKS,KERD002496,ANSCARETELESERVICES,KERD002496,ANS CARE TELE SERVICES,Normal,SMD,KERD009675,Mobile Point Badiadka,Dealer,A075FD,1,11999
KERR032,BISMILLAH TRADE LINKS,KERD002496,ANSCARETELESERVICES,KERD002496,ANS CARE TELE SERVICES,Normal,SMD,KERD009675,Mobile Point Badiadka,Dealer,A076BC,2,38460
KERR032,BISMILLAH TRADE LINKS,KERD002496,ANSCARETELESERVICES,KERD002496,ANS CARE TELE SERVICES,Normal,SMD,KERD009675,Mobile Point Badiadka,Dealer,A176NL,2,45190
KERR032,BISMILLAH TRADE LINKS,KERD002496,ANSCARETELESERVICES,KERD002496,ANS CARE TELE SERVICES,Normal,SMD,KERD009675,Mobile Point Badiadka,Dealer,A176NM,2,49036
KERR032,BISMILLAH TRADE LINKS,KERD002496,ANSCARETELESERVICES,KERD002496,ANS CARE TELE SERVICES,Normal,SMD,KERD009675,Mobile Point Badiadka,Dealer,E176BB,1,21999
KERR032,BISMILLAH TRADE LINKS,KERD002496,ANSCARETELESERVICES,KERD002496,ANS CARE TELE SERVICES,Normal,SMD,KERD011791,4U MOBILE,Dealer,A176NL,3,67785
KERR032,BISMILLAH TRADE LINKS,KERD002496,ANSCARETELESERVICES,KERD002496,ANS CARE TELE SERVICES,Normal,SMD,KERD011791,4U MOBILE,Dealer,A176NM,1,24518
KERR032,BISMILLAH TRADE LINKS,KERD002496,ANSCARETELESERVICES,KERD002496,ANS CARE TELE SERVICES,Normal,SMD,KERD011791,4U MOBILE,Dealer,E176BA,1,19999
KERR032,BISMILLAH TRADE LINKS,KERD002496,ANSCARETELESERVICES,KERD002496,ANS CARE TELE SERVICES,Normal,SMD,KERD011791,4U MOBILE,Dealer,E176BB,1,21999
KERR032,BISMILLAH TRADE LINKS,KERD002496,ANSCARETELESERVICES,KERD002496,ANS CARE TELE SERVICES,Normal,SMD,KERD012662,PHONIZ,Dealer,A076BB,1,17307
KERR032,BISMILLAH TRADE LINKS,KERD002496,ANSCARETELESERVICES,KERD002496,ANS CARE TELE SERVICES,Normal,SMD,KERD012662,PHONIZ,Dealer,A076BC,1,19230
KERR032,BISMILLAH TRADE LINKS,KERD002496,ANSCARETELESERVICES,KERD002496,ANS CARE TELE SERVICES,Normal,SMD,KERD012662,PHONIZ,Dealer,A176NM,2,49036
KERR032,BISMILLAH TRADE LINKS,KERD002496,ANSCARETELESERVICES,KERD002496,ANS CARE TELE SERVICES,Normal,SMD,KERD012662,PHONIZ,Dealer,A376ED,1,40384
KERR032,BISMILLAH TRADE LINKS,KERD002496,ANSCARETELESERVICES,KERD002496,ANS CARE TELE SERVICES,Normal,SMD,KERD012662,PHONIZ,Dealer,E176BB,1,21999
KERR032,BISMILLAH TRADE LINKS,KERD002496,ANSCARETELESERVICES,KERD002496,ANS CARE TELE SERVICES,Normal,SMD,KERD1446,MOBILE MAGIC UPPALA,Dealer,A076BB,1,17307
KERR032,BISMILLAH TRADE LINKS,KERD002496,ANSCARETELESERVICES,KERD002496,ANS CARE TELE SERVICES,Normal,SMD,KERD1446,MOBILE MAGIC UPPALA,Dealer,A076BC,1,19230
KERR032,BISMILLAH TRADE LINKS,KERD002496,ANSCARETELESERVICES,KERD002496,ANS CARE TELE SERVICES,Normal,SMD,KERD1446,MOBILE MAGIC UPPALA,Dealer,A176NL,1,22595
KERR032,BISMILLAH TRADE LINKS,KERD002496,ANSCARETELESERVICES,KERD002496,ANS CARE TELE SERVICES,Normal,SMD,KERD1446,MOBILE MAGIC UPPALA,Dealer,A176NM,1,24518
KERR032,BISMILLAH TRADE LINKS,KERD002496,ANSCARETELESERVICES,KERD002496,ANS CARE TELE SERVICES,Normal,SMD,KERD1446,MOBILE MAGIC UPPALA,Dealer,A176NN,1,28845
KERR032,BISMILLAH TRADE LINKS,KERD002496,ANSCARETELESERVICES,KERD002496,ANS CARE TELE SERVICES,Normal,SMD,KERD1446,MOBILE MAGIC UPPALA,Dealer,A276BD,2,61536
KERR032,BISMILLAH TRADE LINKS,KERD002496,ANSCARETELESERVICES,KERD002496,ANS CARE TELE SERVICES,Normal,SMD,KERD1446,MOBILE MAGIC UPPALA,Dealer,A276BG,3,100959
KERR032,BISMILLAH TRADE LINKS,KERD002496,ANSCARETELESERVICES,KERD002496,ANS CARE TELE SERVICES,Normal,SMD,KERD1446,MOBILE MAGIC UPPALA,Dealer,A276BH,1,38941
KERR032,BISMILLAH TRADE LINKS,KERD002496,ANSCARETELESERVICES,KERD002496,ANS CARE TELE SERVICES,Normal,SMD,KERD1446,MOBILE MAGIC UPPALA,Dealer,A366EJ,1,32691
KERR032,BISMILLAH TRADE LINKS,KERD002496,ANSCARETELESERVICES,KERD002496,ANS CARE TELE SERVICES,Normal,SMD,KERD1446,MOBILE MAGIC UPPALA,Dealer,A376ED,5,201920
KERR032,BISMILLAH TRADE LINKS,KERD002496,ANSCARETELESERVICES,KERD002496,ANS CARE TELE SERVICES,Normal,SMD,KERD1446,MOBILE MAGIC UPPALA,Dealer,A376EG,3,137016
KERR032,BISMILLAH TRADE LINKS,KERD002496,ANSCARETELESERVICES,KERD002496,ANS CARE TELE SERVICES,Normal,SMD,KERD1446,MOBILE MAGIC UPPALA,Dealer,A576BF,4,219228
KERR032,BISMILLAH TRADE LINKS,KERD002496,ANSCARETELESERVICES,KERD002496,ANS CARE TELE SERVICES,Normal,SMD,KERD1446,MOBILE MAGIC UPPALA,Dealer,A576BG,3,180285
KERR032,BISMILLAH TRADE LINKS,KERD002496,ANSCARETELESERVICES,KERD002496,ANS CARE TELE SERVICES,Normal,SMD,KERD1446,MOBILE MAGIC UPPALA,Dealer,E176BB,8,175992
KERR032,BISMILLAH TRADE LINKS,KERD002496,ANSCARETELESERVICES,KERD002496,ANS CARE TELE SERVICES,Normal,SMD,KERD1446,MOBILE MAGIC UPPALA,Dealer,E176BD,2,47998
KERR032,BISMILLAH TRADE LINKS,KERD002496,ANSCARETELESERVICES,KERD002496,ANS CARE TELE SERVICES,Normal,SMD,KERD1446,MOBILE MAGIC UPPALA,Dealer,E366BD,1,23999
KERR032,BISMILLAH TRADE LINKS,KERD002496,ANSCARETELESERVICES,KERD002496,ANS CARE TELE SERVICES,Normal,SMD,KERD1446,MOBILE MAGIC UPPALA,Dealer,R410N,8,39992
KERR032,BISMILLAH TRADE LINKS,KERD002496,ANSCARETELESERVICES,KERD002496,ANS CARE TELE SERVICES,Normal,SMD,KERD1446,MOBILE MAGIC UPPALA,Dealer,S938BB,1,118999
KERR032,BISMILLAH TRADE LINKS,KERD002496,ANSCARETELESERVICES,KERD002496,ANS CARE TELE SERVICES,Normal,SMD,KERD1446,MOBILE MAGIC UPPALA,Dealer,S942BC,3,260997
KERR032,BISMILLAH TRADE LINKS,KERD002496,ANSCARETELESERVICES,KERD002496,ANS CARE TELE SERVICES,Normal,SMD,KERD1446,MOBILE MAGIC UPPALA,Dealer,S942BD,2,173998
KERR032,BISMILLAH TRADE LINKS,KERD002496,ANSCARETELESERVICES,KERD002496,ANS CARE TELE SERVICES,Normal,SMD,KERD1446,MOBILE MAGIC UPPALA,Dealer,S948BB,2,277998
KERR032,BISMILLAH TRADE LINKS,KERD002496,ANSCARETELESERVICES,KERD002496,ANS CARE TELE SERVICES,Normal,SMD,KERD1446,MOBILE MAGIC UPPALA,Dealer,X135GE,1,27999
KERR032,BISMILLAH TRADE LINKS,KERD002496,ANSCARETELESERVICES,KERD002496,ANS CARE TELE SERVICES,Normal,SMD,KERD1446,MOBILE MAGIC UPPALA,Dealer,X216BE,1,24999
KERR032,BISMILLAH TRADE LINKS,KERD002496,ANSCARETELESERVICES,KERD002496,ANS CARE TELE SERVICES,Normal,SMD,KERD4283,galaxy communication badiadka,Dealer,A076BC,1,19230
KERR032,BISMILLAH TRADE LINKS,KERD002496,ANSCARETELESERVICES,KERD002496,ANS CARE TELE SERVICES,Normal,SMD,KERD4283,galaxy communication badiadka,Dealer,A176NL,1,22595
KERR032,BISMILLAH TRADE LINKS,KERD002496,ANSCARETELESERVICES,KERD002496,ANS CARE TELE SERVICES,Normal,SMD,KERD4283,galaxy communication badiadka,Dealer,A176NM,3,73554
KERR032,BISMILLAH TRADE LINKS,KERD002496,ANSCARETELESERVICES,KERD002496,ANS CARE TELE SERVICES,Normal,SMD,KERD4283,galaxy communication badiadka,Dealer,A176NN,2,57690
KERR032,BISMILLAH TRADE LINKS,KERD002496,ANSCARETELESERVICES,KERD002496,ANS CARE TELE SERVICES,Normal,SMD,KERD4283,galaxy communication badiadka,Dealer,E176BB,2,43998
